
================================================================================
[0001] 17:50:22.756  GET https://unleash.codeium.com/api/client/features  → 502  (60030ms)
────────────────────────────────────────────────────────────────────────────────
REQ HEADERS:
  host: unleash.codeium.com
  user-agent: codeium-language-server
  authorization: *:production.ead56b5...
  unleash-appname: codeium-language-server
  unleash-client-spec: 4.3.1
  unleash-instanceid: john-server-node
  accept-encoding: gzip
────────────────────────────────────────────────────────────────────────────────
RESP HEADERS:

================================================================================
[0002] 17:50:22.760  GET https://unleash.codeium.com/api/client/features  → 502  (60008ms)
────────────────────────────────────────────────────────────────────────────────
REQ HEADERS:
  host: unleash.codeium.com
  accept: */*
  connection: keep-alive
  user-agent: codeium-language-server
  authorization: *:production.ead56b5...
  unleash-appname: codeium-language-server
  unleash-client-spec: 4.3.1
  unleash-instanceid: john-server-node
  accept-encoding: gzip
────────────────────────────────────────────────────────────────────────────────
RESP HEADERS:

================================================================================
[0003] 17:50:22.763  GET https://unleash.codeium.com/api/client/features  → 502  (60006ms)
────────────────────────────────────────────────────────────────────────────────
REQ HEADERS:
  host: unleash.codeium.com
  connection: keep-alive
  accept: */*
  user-agent: codeium-language-server
  authorization: *:production.ead56b5...
  unleash-appname: codeium-language-server
  unleash-client-spec: 4.3.1
  unleash-instanceid: john-server-node
  accept-encoding: gzip
────────────────────────────────────────────────────────────────────────────────
RESP HEADERS:

================================================================================
[0004] 17:50:22.770  GET https://unleash.codeium.com/api/client/features  → 502  (60009ms)
────────────────────────────────────────────────────────────────────────────────
REQ HEADERS:
  host: unleash.codeium.com
  connection: keep-alive
  accept: */*
  user-agent: codeium-language-server
  authorization: *:production.ead56b5...
  unleash-appname: codeium-language-server
  unleash-client-spec: 4.3.1
  unleash-instanceid: john-server-node
  accept-encoding: gzip
────────────────────────────────────────────────────────────────────────────────
RESP HEADERS:

================================================================================
[0005] 17:50:22.776  GET https://unleash.codeium.com/api/client/features  → 502  (60010ms)
────────────────────────────────────────────────────────────────────────────────
REQ HEADERS:
  host: unleash.codeium.com
  connection: keep-alive
  accept: */*
  user-agent: codeium-language-server
  authorization: *:production.ead56b5...
  unleash-appname: codeium-language-server
  unleash-client-spec: 4.3.1
  unleash-instanceid: john-server-node
  accept-encoding: gzip
────────────────────────────────────────────────────────────────────────────────
RESP HEADERS:

================================================================================
[0006] 17:50:22.780  GET https://unleash.codeium.com/api/client/features  → 502  (60006ms)
────────────────────────────────────────────────────────────────────────────────
REQ HEADERS:
  host: unleash.codeium.com
  connection: keep-alive
  accept: */*
  user-agent: codeium-language-server
  authorization: *:production.ead56b5...
  unleash-appname: codeium-language-server
  unleash-client-spec: 4.3.1
  unleash-instanceid: john-server-node
  accept-encoding: gzip
────────────────────────────────────────────────────────────────────────────────
RESP HEADERS:

================================================================================
[0007] 17:50:22.784  GET https://unleash.codeium.com/api/client/features  → 502  (60005ms)
────────────────────────────────────────────────────────────────────────────────
REQ HEADERS:
  host: unleash.codeium.com
  connection: keep-alive
  accept: */*
  user-agent: codeium-language-server
  authorization: *:production.ead56b5...
  unleash-appname: codeium-language-server
  unleash-client-spec: 4.3.1
  unleash-instanceid: john-server-node
  accept-encoding: gzip
────────────────────────────────────────────────────────────────────────────────
RESP HEADERS:

================================================================================
[0008] 17:50:22.793  GET https://unleash.codeium.com/api/client/features  → 502  (60010ms)
────────────────────────────────────────────────────────────────────────────────
REQ HEADERS:
  host: unleash.codeium.com
  connection: keep-alive
  accept: */*
  user-agent: codeium-language-server
  authorization: *:production.ead56b5...
  unleash-appname: codeium-language-server
  unleash-client-spec: 4.3.1
  unleash-instanceid: john-server-node
  accept-encoding: gzip
────────────────────────────────────────────────────────────────────────────────
RESP HEADERS:

================================================================================
[0009] 17:50:22.796  GET https://unleash.codeium.com/api/client/features  → 502  (60006ms)
────────────────────────────────────────────────────────────────────────────────
REQ HEADERS:
  host: unleash.codeium.com
  connection: keep-alive
  accept: */*
  user-agent: codeium-language-server
  authorization: *:production.ead56b5...
  unleash-appname: codeium-language-server
  unleash-client-spec: 4.3.1
  unleash-instanceid: john-server-node
  accept-encoding: gzip
────────────────────────────────────────────────────────────────────────────────
RESP HEADERS:

================================================================================
[0010] 17:50:22.801  GET https://unleash.codeium.com/api/client/features  → 502  (60006ms)
────────────────────────────────────────────────────────────────────────────────
REQ HEADERS:
  host: unleash.codeium.com
  connection: keep-alive
  accept: */*
  user-agent: codeium-language-server
  authorization: *:production.ead56b5...
  unleash-appname: codeium-language-server
  unleash-client-spec: 4.3.1
  unleash-instanceid: john-server-node
  accept-encoding: gzip
────────────────────────────────────────────────────────────────────────────────
RESP HEADERS:

================================================================================
[0011] 17:50:22.807  GET https://unleash.codeium.com/api/client/features  → 502  (60007ms)
────────────────────────────────────────────────────────────────────────────────
REQ HEADERS:
  host: unleash.codeium.com
  connection: keep-alive
  accept: */*
  user-agent: codeium-language-server
  authorization: *:production.ead56b5...
  unleash-appname: codeium-language-server
  unleash-client-spec: 4.3.1
  unleash-instanceid: john-server-node
  accept-encoding: gzip
────────────────────────────────────────────────────────────────────────────────
RESP HEADERS:

================================================================================
[0012] 17:50:22.813  GET https://unleash.codeium.com/api/client/features  → 502  (60007ms)
────────────────────────────────────────────────────────────────────────────────
REQ HEADERS:
  host: unleash.codeium.com
  connection: keep-alive
  accept: */*
  user-agent: codeium-language-server
  authorization: *:production.ead56b5...
  unleash-appname: codeium-language-server
  unleash-client-spec: 4.3.1
  unleash-instanceid: john-server-node
  accept-encoding: gzip
────────────────────────────────────────────────────────────────────────────────
RESP HEADERS:

================================================================================
[0013] 17:50:22.817  GET https://unleash.codeium.com/api/client/features  → 502  (60006ms)
────────────────────────────────────────────────────────────────────────────────
REQ HEADERS:
  host: unleash.codeium.com
  connection: keep-alive
  accept: */*
  user-agent: codeium-language-server
  authorization: *:production.ead56b5...
  unleash-appname: codeium-language-server
  unleash-client-spec: 4.3.1
  unleash-instanceid: john-server-node
  accept-encoding: gzip
────────────────────────────────────────────────────────────────────────────────
RESP HEADERS:

================================================================================
[0014] 17:50:22.821  GET https://unleash.codeium.com/api/client/features  → 502  (60006ms)
────────────────────────────────────────────────────────────────────────────────
REQ HEADERS:
  host: unleash.codeium.com
  connection: keep-alive
  accept: */*
  user-agent: codeium-language-server
  authorization: *:production.ead56b5...
  unleash-appname: codeium-language-server
  unleash-client-spec: 4.3.1
  unleash-instanceid: john-server-node
  accept-encoding: gzip
────────────────────────────────────────────────────────────────────────────────
RESP HEADERS:

================================================================================
[0015] 17:50:22.826  GET https://unleash.codeium.com/api/client/features  → 502  (60006ms)
────────────────────────────────────────────────────────────────────────────────
REQ HEADERS:
  host: unleash.codeium.com
  connection: keep-alive
  accept: */*
  user-agent: codeium-language-server
  authorization: *:production.ead56b5...
  unleash-appname: codeium-language-server
  unleash-client-spec: 4.3.1
  unleash-instanceid: john-server-node
  accept-encoding: gzip
────────────────────────────────────────────────────────────────────────────────
RESP HEADERS:

================================================================================
[0016] 17:50:22.834  GET https://unleash.codeium.com/api/client/features  → 502  (60010ms)
────────────────────────────────────────────────────────────────────────────────
REQ HEADERS:
  host: unleash.codeium.com
  connection: keep-alive
  accept: */*
  user-agent: codeium-language-server
  authorization: *:production.ead56b5...
  unleash-appname: codeium-language-server
  unleash-client-spec: 4.3.1
  unleash-instanceid: john-server-node
  accept-encoding: gzip
────────────────────────────────────────────────────────────────────────────────
RESP HEADERS:

================================================================================
[0017] 17:50:22.840  GET https://unleash.codeium.com/api/client/features  → 502  (60011ms)
────────────────────────────────────────────────────────────────────────────────
REQ HEADERS:
  host: unleash.codeium.com
  connection: keep-alive
  accept: */*
  user-agent: codeium-language-server
  authorization: *:production.ead56b5...
  unleash-appname: codeium-language-server
  unleash-client-spec: 4.3.1
  unleash-instanceid: john-server-node
  accept-encoding: gzip
────────────────────────────────────────────────────────────────────────────────
RESP HEADERS:

================================================================================
[0018] 17:50:22.845  GET https://unleash.codeium.com/api/client/features  → 502  (60012ms)
────────────────────────────────────────────────────────────────────────────────
REQ HEADERS:
  host: unleash.codeium.com
  connection: keep-alive
  accept: */*
  user-agent: codeium-language-server
  authorization: *:production.ead56b5...
  unleash-appname: codeium-language-server
  unleash-client-spec: 4.3.1
  unleash-instanceid: john-server-node
  accept-encoding: gzip
────────────────────────────────────────────────────────────────────────────────
RESP HEADERS:

================================================================================
[0019] 17:50:22.850  GET https://unleash.codeium.com/api/client/features  → 502  (60013ms)
────────────────────────────────────────────────────────────────────────────────
REQ HEADERS:
  host: unleash.codeium.com
  connection: keep-alive
  accept: */*
  user-agent: codeium-language-server
  authorization: *:production.ead56b5...
  unleash-appname: codeium-language-server
  unleash-client-spec: 4.3.1
  unleash-instanceid: john-server-node
  accept-encoding: gzip
────────────────────────────────────────────────────────────────────────────────
RESP HEADERS:

================================================================================
[0020] 17:50:22.857  GET https://unleash.codeium.com/api/client/features  → 502  (60015ms)
────────────────────────────────────────────────────────────────────────────────
REQ HEADERS:
  host: unleash.codeium.com
  connection: keep-alive
  accept: */*
  user-agent: codeium-language-server
  authorization: *:production.ead56b5...
  unleash-appname: codeium-language-server
  unleash-client-spec: 4.3.1
  unleash-instanceid: john-server-node
  accept-encoding: gzip
────────────────────────────────────────────────────────────────────────────────
RESP HEADERS:

================================================================================
[0021] 17:50:22.859  GET https://unleash.codeium.com/api/client/features  → 502  (60012ms)
────────────────────────────────────────────────────────────────────────────────
REQ HEADERS:
  host: unleash.codeium.com
  connection: keep-alive
  accept: */*
  user-agent: codeium-language-server
  authorization: *:production.ead56b5...
  unleash-appname: codeium-language-server
  unleash-client-spec: 4.3.1
  unleash-instanceid: john-server-node
  accept-encoding: gzip
────────────────────────────────────────────────────────────────────────────────
RESP HEADERS:

================================================================================
[0022] 17:50:22.860  GET https://unleash.codeium.com/api/client/features  → 502  (60008ms)
────────────────────────────────────────────────────────────────────────────────
REQ HEADERS:
  host: unleash.codeium.com
  connection: keep-alive
  accept: */*
  user-agent: codeium-language-server
  authorization: *:production.ead56b5...
  unleash-appname: codeium-language-server
  unleash-client-spec: 4.3.1
  unleash-instanceid: john-server-node
  accept-encoding: gzip
────────────────────────────────────────────────────────────────────────────────
RESP HEADERS:

================================================================================
[0023] 17:50:22.864  GET https://unleash.codeium.com/api/client/features  → 502  (60007ms)
────────────────────────────────────────────────────────────────────────────────
REQ HEADERS:
  host: unleash.codeium.com
  connection: keep-alive
  accept: */*
  user-agent: codeium-language-server
  authorization: *:production.ead56b5...
  unleash-appname: codeium-language-server
  unleash-client-spec: 4.3.1
  unleash-instanceid: john-server-node
  accept-encoding: gzip
────────────────────────────────────────────────────────────────────────────────
RESP HEADERS:

================================================================================
[0024] 17:50:22.878  GET https://unleash.codeium.com/api/client/features  → 502  (60014ms)
────────────────────────────────────────────────────────────────────────────────
REQ HEADERS:
  host: unleash.codeium.com
  connection: keep-alive
  accept: */*
  user-agent: codeium-language-server
  authorization: *:production.ead56b5...
  unleash-appname: codeium-language-server
  unleash-client-spec: 4.3.1
  unleash-instanceid: john-server-node
  accept-encoding: gzip
────────────────────────────────────────────────────────────────────────────────
RESP HEADERS:

================================================================================
[0025] 17:50:22.878  GET https://unleash.codeium.com/api/client/features  → 502  (60010ms)
────────────────────────────────────────────────────────────────────────────────
REQ HEADERS:
  host: unleash.codeium.com
  connection: keep-alive
  accept: */*
  user-agent: codeium-language-server
  authorization: *:production.ead56b5...
  unleash-appname: codeium-language-server
  unleash-client-spec: 4.3.1
  unleash-instanceid: john-server-node
  accept-encoding: gzip
────────────────────────────────────────────────────────────────────────────────
RESP HEADERS:

================================================================================
[0026] 17:50:22.891  GET https://unleash.codeium.com/api/client/features  → 502  (60018ms)
────────────────────────────────────────────────────────────────────────────────
REQ HEADERS:
  host: unleash.codeium.com
  connection: keep-alive
  accept: */*
  user-agent: codeium-language-server
  authorization: *:production.ead56b5...
  unleash-appname: codeium-language-server
  unleash-client-spec: 4.3.1
  unleash-instanceid: john-server-node
  accept-encoding: gzip
────────────────────────────────────────────────────────────────────────────────
RESP HEADERS:

================================================================================
[0027] 17:50:22.896  GET https://unleash.codeium.com/api/client/features  → 502  (60018ms)
────────────────────────────────────────────────────────────────────────────────
REQ HEADERS:
  host: unleash.codeium.com
  connection: keep-alive
  accept: */*
  user-agent: codeium-language-server
  authorization: *:production.ead56b5...
  unleash-appname: codeium-language-server
  unleash-client-spec: 4.3.1
  unleash-instanceid: john-server-node
  accept-encoding: gzip
────────────────────────────────────────────────────────────────────────────────
RESP HEADERS:

================================================================================
[0028] 17:50:22.899  GET https://unleash.codeium.com/api/client/features  → 502  (60013ms)
────────────────────────────────────────────────────────────────────────────────
REQ HEADERS:
  host: unleash.codeium.com
  connection: keep-alive
  accept: */*
  user-agent: codeium-language-server
  authorization: *:production.ead56b5...
  unleash-appname: codeium-language-server
  unleash-client-spec: 4.3.1
  unleash-instanceid: john-server-node
  accept-encoding: gzip
────────────────────────────────────────────────────────────────────────────────
RESP HEADERS:

================================================================================
[0029] 17:50:22.917  GET https://unleash.codeium.com/api/client/features  → 502  (60025ms)
────────────────────────────────────────────────────────────────────────────────
REQ HEADERS:
  host: unleash.codeium.com
  connection: keep-alive
  accept: */*
  user-agent: codeium-language-server
  authorization: *:production.ead56b5...
  unleash-appname: codeium-language-server
  unleash-client-spec: 4.3.1
  unleash-instanceid: john-server-node
  accept-encoding: gzip
────────────────────────────────────────────────────────────────────────────────
RESP HEADERS:

================================================================================
[0030] 17:50:22.924  GET https://unleash.codeium.com/api/client/features  → 502  (60027ms)
────────────────────────────────────────────────────────────────────────────────
REQ HEADERS:
  host: unleash.codeium.com
  connection: keep-alive
  accept: */*
  user-agent: codeium-language-server
  authorization: *:production.ead56b5...
  unleash-appname: codeium-language-server
  unleash-client-spec: 4.3.1
  unleash-instanceid: john-server-node
  accept-encoding: gzip
────────────────────────────────────────────────────────────────────────────────
RESP HEADERS:

================================================================================
[0031] 17:50:22.925  GET https://unleash.codeium.com/api/client/features  → 502  (60020ms)
────────────────────────────────────────────────────────────────────────────────
REQ HEADERS:
  host: unleash.codeium.com
  connection: keep-alive
  accept: */*
  user-agent: codeium-language-server
  authorization: *:production.ead56b5...
  unleash-appname: codeium-language-server
  unleash-client-spec: 4.3.1
  unleash-instanceid: john-server-node
  accept-encoding: gzip
────────────────────────────────────────────────────────────────────────────────
RESP HEADERS:

================================================================================
[0032] 17:50:22.926  GET https://unleash.codeium.com/api/client/features  → 502  (60015ms)
────────────────────────────────────────────────────────────────────────────────
REQ HEADERS:
  host: unleash.codeium.com
  connection: keep-alive
  accept: */*
  user-agent: codeium-language-server
  authorization: *:production.ead56b5...
  unleash-appname: codeium-language-server
  unleash-client-spec: 4.3.1
  unleash-instanceid: john-server-node
  accept-encoding: gzip
────────────────────────────────────────────────────────────────────────────────
RESP HEADERS:

================================================================================
[0033] 17:50:22.931  GET https://unleash.codeium.com/api/client/features  → 502  (60015ms)
────────────────────────────────────────────────────────────────────────────────
REQ HEADERS:
  host: unleash.codeium.com
  connection: keep-alive
  accept: */*
  user-agent: codeium-language-server
  authorization: *:production.ead56b5...
  unleash-appname: codeium-language-server
  unleash-client-spec: 4.3.1
  unleash-instanceid: john-server-node
  accept-encoding: gzip
────────────────────────────────────────────────────────────────────────────────
RESP HEADERS:

================================================================================
[0034] 17:50:22.949  GET https://unleash.codeium.com/api/client/features  → 502  (60027ms)
────────────────────────────────────────────────────────────────────────────────
REQ HEADERS:
  host: unleash.codeium.com
  connection: keep-alive
  accept: */*
  user-agent: codeium-language-server
  authorization: *:production.ead56b5...
  unleash-appname: codeium-language-server
  unleash-client-spec: 4.3.1
  unleash-instanceid: john-server-node
  accept-encoding: gzip
────────────────────────────────────────────────────────────────────────────────
RESP HEADERS:

================================================================================
[0035] 17:50:22.949  GET https://unleash.codeium.com/api/client/features  → 502  (60012ms)
────────────────────────────────────────────────────────────────────────────────
REQ HEADERS:
  host: unleash.codeium.com
  connection: keep-alive
  accept: */*
  user-agent: codeium-language-server
  authorization: *:production.ead56b5...
  unleash-appname: codeium-language-server
  unleash-client-spec: 4.3.1
  unleash-instanceid: john-server-node
  accept-encoding: gzip
────────────────────────────────────────────────────────────────────────────────
RESP HEADERS:

================================================================================
[0036] 17:50:22.961  GET https://unleash.codeium.com/api/client/features  → 502  (60017ms)
────────────────────────────────────────────────────────────────────────────────
REQ HEADERS:
  host: unleash.codeium.com
  connection: keep-alive
  accept: */*
  user-agent: codeium-language-server
  authorization: *:production.ead56b5...
  unleash-appname: codeium-language-server
  unleash-client-spec: 4.3.1
  unleash-instanceid: john-server-node
  accept-encoding: gzip
────────────────────────────────────────────────────────────────────────────────
RESP HEADERS:

================================================================================
[0037] 17:50:22.962  GET https://unleash.codeium.com/api/client/features  → 502  (60011ms)
────────────────────────────────────────────────────────────────────────────────
REQ HEADERS:
  host: unleash.codeium.com
  connection: keep-alive
  accept: */*
  user-agent: codeium-language-server
  authorization: *:production.ead56b5...
  unleash-appname: codeium-language-server
  unleash-client-spec: 4.3.1
  unleash-instanceid: john-server-node
  accept-encoding: gzip
────────────────────────────────────────────────────────────────────────────────
RESP HEADERS:

================================================================================
[0038] 17:50:22.980  GET https://unleash.codeium.com/api/client/features  → 502  (60023ms)
────────────────────────────────────────────────────────────────────────────────
REQ HEADERS:
  host: unleash.codeium.com
  connection: keep-alive
  accept: */*
  user-agent: codeium-language-server
  authorization: *:production.ead56b5...
  unleash-appname: codeium-language-server
  unleash-client-spec: 4.3.1
  unleash-instanceid: john-server-node
  accept-encoding: gzip
────────────────────────────────────────────────────────────────────────────────
RESP HEADERS:

================================================================================
[0039] 17:50:22.980  GET https://unleash.codeium.com/api/client/features  → 502  (60018ms)
────────────────────────────────────────────────────────────────────────────────
REQ HEADERS:
  host: unleash.codeium.com
  connection: keep-alive
  accept: */*
  user-agent: codeium-language-server
  authorization: *:production.ead56b5...
  unleash-appname: codeium-language-server
  unleash-client-spec: 4.3.1
  unleash-instanceid: john-server-node
  accept-encoding: gzip
────────────────────────────────────────────────────────────────────────────────
RESP HEADERS:

================================================================================
[0040] 17:50:22.984  GET https://unleash.codeium.com/api/client/features  → 502  (60015ms)
────────────────────────────────────────────────────────────────────────────────
REQ HEADERS:
  host: unleash.codeium.com
  connection: keep-alive
  accept: */*
  user-agent: codeium-language-server
  authorization: *:production.ead56b5...
  unleash-appname: codeium-language-server
  unleash-client-spec: 4.3.1
  unleash-instanceid: john-server-node
  accept-encoding: gzip
────────────────────────────────────────────────────────────────────────────────
RESP HEADERS:

================================================================================
[0041] 17:50:22.998  GET https://unleash.codeium.com/api/client/features  → 502  (60022ms)
────────────────────────────────────────────────────────────────────────────────
REQ HEADERS:
  host: unleash.codeium.com
  connection: keep-alive
  accept: */*
  user-agent: codeium-language-server
  authorization: *:production.ead56b5...
  unleash-appname: codeium-language-server
  unleash-client-spec: 4.3.1
  unleash-instanceid: john-server-node
  accept-encoding: gzip
────────────────────────────────────────────────────────────────────────────────
RESP HEADERS:

================================================================================
[0042] 17:50:23.008  GET https://unleash.codeium.com/api/client/features  → 502  (60023ms)
────────────────────────────────────────────────────────────────────────────────
REQ HEADERS:
  host: unleash.codeium.com
  connection: keep-alive
  accept: */*
  user-agent: codeium-language-server
  authorization: *:production.ead56b5...
  unleash-appname: codeium-language-server
  unleash-client-spec: 4.3.1
  unleash-instanceid: john-server-node
  accept-encoding: gzip
────────────────────────────────────────────────────────────────────────────────
RESP HEADERS:

================================================================================
[0043] 17:50:23.008  GET https://unleash.codeium.com/api/client/features  → 502  (60018ms)
────────────────────────────────────────────────────────────────────────────────
REQ HEADERS:
  host: unleash.codeium.com
  connection: keep-alive
  accept: */*
  user-agent: codeium-language-server
  authorization: *:production.ead56b5...
  unleash-appname: codeium-language-server
  unleash-client-spec: 4.3.1
  unleash-instanceid: john-server-node
  accept-encoding: gzip
────────────────────────────────────────────────────────────────────────────────
RESP HEADERS:

================================================================================
[0044] 17:50:23.013  GET https://unleash.codeium.com/api/client/features  → 502  (60018ms)
────────────────────────────────────────────────────────────────────────────────
REQ HEADERS:
  host: unleash.codeium.com
  connection: keep-alive
  accept: */*
  user-agent: codeium-language-server
  authorization: *:production.ead56b5...
  unleash-appname: codeium-language-server
  unleash-client-spec: 4.3.1
  unleash-instanceid: john-server-node
  accept-encoding: gzip
────────────────────────────────────────────────────────────────────────────────
RESP HEADERS:

================================================================================
[0045] 17:50:23.017  GET https://unleash.codeium.com/api/client/features  → 502  (60018ms)
────────────────────────────────────────────────────────────────────────────────
REQ HEADERS:
  host: unleash.codeium.com
  connection: keep-alive
  accept: */*
  user-agent: codeium-language-server
  authorization: *:production.ead56b5...
  unleash-appname: codeium-language-server
  unleash-client-spec: 4.3.1
  unleash-instanceid: john-server-node
  accept-encoding: gzip
────────────────────────────────────────────────────────────────────────────────
RESP HEADERS:

================================================================================
[0046] 17:50:23.025  GET https://unleash.codeium.com/api/client/features  → 502  (60020ms)
────────────────────────────────────────────────────────────────────────────────
REQ HEADERS:
  host: unleash.codeium.com
  connection: keep-alive
  accept: */*
  user-agent: codeium-language-server
  authorization: *:production.ead56b5...
  unleash-appname: codeium-language-server
  unleash-client-spec: 4.3.1
  unleash-instanceid: john-server-node
  accept-encoding: gzip
────────────────────────────────────────────────────────────────────────────────
RESP HEADERS:

================================================================================
[0047] 17:50:23.034  GET https://unleash.codeium.com/api/client/features  → 502  (60023ms)
────────────────────────────────────────────────────────────────────────────────
REQ HEADERS:
  host: unleash.codeium.com
  connection: keep-alive
  accept: */*
  user-agent: codeium-language-server
  authorization: *:production.ead56b5...
  unleash-appname: codeium-language-server
  unleash-client-spec: 4.3.1
  unleash-instanceid: john-server-node
  accept-encoding: gzip
────────────────────────────────────────────────────────────────────────────────
RESP HEADERS:

================================================================================
[0048] 17:50:23.034  GET https://unleash.codeium.com/api/client/features  → 502  (60017ms)
────────────────────────────────────────────────────────────────────────────────
REQ HEADERS:
  host: unleash.codeium.com
  connection: keep-alive
  accept: */*
  user-agent: codeium-language-server
  authorization: *:production.ead56b5...
  unleash-appname: codeium-language-server
  unleash-client-spec: 4.3.1
  unleash-instanceid: john-server-node
  accept-encoding: gzip
────────────────────────────────────────────────────────────────────────────────
RESP HEADERS:

================================================================================
[0049] 17:50:23.039  GET https://unleash.codeium.com/api/client/features  → 502  (60017ms)
────────────────────────────────────────────────────────────────────────────────
REQ HEADERS:
  host: unleash.codeium.com
  connection: keep-alive
  accept: */*
  user-agent: codeium-language-server
  authorization: *:production.ead56b5...
  unleash-appname: codeium-language-server
  unleash-client-spec: 4.3.1
  unleash-instanceid: john-server-node
  accept-encoding: gzip
────────────────────────────────────────────────────────────────────────────────
RESP HEADERS:

================================================================================
[0050] 17:50:23.042  GET https://unleash.codeium.com/api/client/features  → 502  (60015ms)
────────────────────────────────────────────────────────────────────────────────
REQ HEADERS:
  host: unleash.codeium.com
  connection: keep-alive
  accept: */*
  user-agent: codeium-language-server
  authorization: *:production.ead56b5...
  unleash-appname: codeium-language-server
  unleash-client-spec: 4.3.1
  unleash-instanceid: john-server-node
  accept-encoding: gzip
────────────────────────────────────────────────────────────────────────────────
RESP HEADERS:

================================================================================
[0051] 17:50:23.043  GET https://unleash.codeium.com/api/client/features  → 502  (60011ms)
────────────────────────────────────────────────────────────────────────────────
REQ HEADERS:
  host: unleash.codeium.com
  connection: keep-alive
  accept: */*
  user-agent: codeium-language-server
  authorization: *:production.ead56b5...
  unleash-appname: codeium-language-server
  unleash-client-spec: 4.3.1
  unleash-instanceid: john-server-node
  accept-encoding: gzip
────────────────────────────────────────────────────────────────────────────────
RESP HEADERS:

================================================================================
[0052] 17:50:23.047  GET https://unleash.codeium.com/api/client/features  → 502  (60009ms)
────────────────────────────────────────────────────────────────────────────────
REQ HEADERS:
  host: unleash.codeium.com
  connection: keep-alive
  accept: */*
  user-agent: codeium-language-server
  authorization: *:production.ead56b5...
  unleash-appname: codeium-language-server
  unleash-client-spec: 4.3.1
  unleash-instanceid: john-server-node
  accept-encoding: gzip
────────────────────────────────────────────────────────────────────────────────
RESP HEADERS:

================================================================================
[0053] 17:50:23.058  GET https://unleash.codeium.com/api/client/features  → 502  (60015ms)
────────────────────────────────────────────────────────────────────────────────
REQ HEADERS:
  host: unleash.codeium.com
  connection: keep-alive
  accept: */*
  user-agent: codeium-language-server
  authorization: *:production.ead56b5...
  unleash-appname: codeium-language-server
  unleash-client-spec: 4.3.1
  unleash-instanceid: john-server-node
  accept-encoding: gzip
────────────────────────────────────────────────────────────────────────────────
RESP HEADERS:

================================================================================
[0054] 17:50:23.060  GET https://unleash.codeium.com/api/client/features  → 502  (60013ms)
────────────────────────────────────────────────────────────────────────────────
REQ HEADERS:
  host: unleash.codeium.com
  connection: keep-alive
  accept: */*
  user-agent: codeium-language-server
  authorization: *:production.ead56b5...
  unleash-appname: codeium-language-server
  unleash-client-spec: 4.3.1
  unleash-instanceid: john-server-node
  accept-encoding: gzip
────────────────────────────────────────────────────────────────────────────────
RESP HEADERS:

================================================================================
[0055] 17:50:23.062  GET https://unleash.codeium.com/api/client/features  → 502  (60010ms)
────────────────────────────────────────────────────────────────────────────────
REQ HEADERS:
  host: unleash.codeium.com
  connection: keep-alive
  accept: */*
  user-agent: codeium-language-server
  authorization: *:production.ead56b5...
  unleash-appname: codeium-language-server
  unleash-client-spec: 4.3.1
  unleash-instanceid: john-server-node
  accept-encoding: gzip
────────────────────────────────────────────────────────────────────────────────
RESP HEADERS:

================================================================================
[0056] 17:50:23.071  GET https://unleash.codeium.com/api/client/features  → 502  (60012ms)
────────────────────────────────────────────────────────────────────────────────
REQ HEADERS:
  host: unleash.codeium.com
  connection: keep-alive
  accept: */*
  user-agent: codeium-language-server
  authorization: *:production.ead56b5...
  unleash-appname: codeium-language-server
  unleash-client-spec: 4.3.1
  unleash-instanceid: john-server-node
  accept-encoding: gzip
────────────────────────────────────────────────────────────────────────────────
RESP HEADERS:

================================================================================
[0057] 17:50:23.074  GET https://unleash.codeium.com/api/client/features  → 502  (60011ms)
────────────────────────────────────────────────────────────────────────────────
REQ HEADERS:
  host: unleash.codeium.com
  connection: keep-alive
  accept: */*
  user-agent: codeium-language-server
  authorization: *:production.ead56b5...
  unleash-appname: codeium-language-server
  unleash-client-spec: 4.3.1
  unleash-instanceid: john-server-node
  accept-encoding: gzip
────────────────────────────────────────────────────────────────────────────────
RESP HEADERS:

================================================================================
[0058] 17:50:23.079  GET https://unleash.codeium.com/api/client/features  → 502  (60010ms)
────────────────────────────────────────────────────────────────────────────────
REQ HEADERS:
  host: unleash.codeium.com
  connection: keep-alive
  accept: */*
  user-agent: codeium-language-server
  authorization: *:production.ead56b5...
  unleash-appname: codeium-language-server
  unleash-client-spec: 4.3.1
  unleash-instanceid: john-server-node
  accept-encoding: gzip
────────────────────────────────────────────────────────────────────────────────
RESP HEADERS:

================================================================================
[0059] 17:50:23.083  GET https://unleash.codeium.com/api/client/features  → 502  (60008ms)
────────────────────────────────────────────────────────────────────────────────
REQ HEADERS:
  host: unleash.codeium.com
  connection: keep-alive
  accept: */*
  user-agent: codeium-language-server
  authorization: *:production.ead56b5...
  unleash-appname: codeium-language-server
  unleash-client-spec: 4.3.1
  unleash-instanceid: john-server-node
  accept-encoding: gzip
────────────────────────────────────────────────────────────────────────────────
RESP HEADERS:

================================================================================
[0060] 17:50:23.102  GET https://unleash.codeium.com/api/client/features  → 502  (60023ms)
────────────────────────────────────────────────────────────────────────────────
REQ HEADERS:
  host: unleash.codeium.com
  connection: keep-alive
  accept: */*
  user-agent: codeium-language-server
  authorization: *:production.ead56b5...
  unleash-appname: codeium-language-server
  unleash-client-spec: 4.3.1
  unleash-instanceid: john-server-node
  accept-encoding: gzip
────────────────────────────────────────────────────────────────────────────────
RESP HEADERS:

================================================================================
[0061] 17:50:23.103  GET https://unleash.codeium.com/api/client/features  → 502  (60018ms)
────────────────────────────────────────────────────────────────────────────────
REQ HEADERS:
  host: unleash.codeium.com
  connection: keep-alive
  accept: */*
  user-agent: codeium-language-server
  authorization: *:production.ead56b5...
  unleash-appname: codeium-language-server
  unleash-client-spec: 4.3.1
  unleash-instanceid: john-server-node
  accept-encoding: gzip
────────────────────────────────────────────────────────────────────────────────
RESP HEADERS:

================================================================================
[0062] 17:50:23.103  GET https://unleash.codeium.com/api/client/features  → 502  (60014ms)
────────────────────────────────────────────────────────────────────────────────
REQ HEADERS:
  host: unleash.codeium.com
  connection: keep-alive
  accept: */*
  user-agent: codeium-language-server
  authorization: *:production.ead56b5...
  unleash-appname: codeium-language-server
  unleash-client-spec: 4.3.1
  unleash-instanceid: john-server-node
  accept-encoding: gzip
────────────────────────────────────────────────────────────────────────────────
RESP HEADERS:

================================================================================
[0063] 17:50:23.107  GET https://unleash.codeium.com/api/client/features  → 502  (60013ms)
────────────────────────────────────────────────────────────────────────────────
REQ HEADERS:
  host: unleash.codeium.com
  connection: keep-alive
  accept: */*
  user-agent: codeium-language-server
  authorization: *:production.ead56b5...
  unleash-appname: codeium-language-server
  unleash-client-spec: 4.3.1
  unleash-instanceid: john-server-node
  accept-encoding: gzip
────────────────────────────────────────────────────────────────────────────────
RESP HEADERS:

================================================================================
[0064] 17:50:23.110  GET https://unleash.codeium.com/api/client/features  → 502  (60009ms)
────────────────────────────────────────────────────────────────────────────────
REQ HEADERS:
  host: unleash.codeium.com
  connection: keep-alive
  accept: */*
  user-agent: codeium-language-server
  authorization: *:production.ead56b5...
  unleash-appname: codeium-language-server
  unleash-client-spec: 4.3.1
  unleash-instanceid: john-server-node
  accept-encoding: gzip
────────────────────────────────────────────────────────────────────────────────
RESP HEADERS:

================================================================================
[0065] 17:50:23.114  GET https://unleash.codeium.com/api/client/features  → 502  (60007ms)
────────────────────────────────────────────────────────────────────────────────
REQ HEADERS:
  host: unleash.codeium.com
  connection: keep-alive
  accept: */*
  user-agent: codeium-language-server
  authorization: *:production.ead56b5...
  unleash-appname: codeium-language-server
  unleash-client-spec: 4.3.1
  unleash-instanceid: john-server-node
  accept-encoding: gzip
────────────────────────────────────────────────────────────────────────────────
RESP HEADERS:

================================================================================
[0066] 17:50:23.121  GET https://unleash.codeium.com/api/client/features  → 502  (60010ms)
────────────────────────────────────────────────────────────────────────────────
REQ HEADERS:
  host: unleash.codeium.com
  connection: keep-alive
  accept: */*
  user-agent: codeium-language-server
  authorization: *:production.ead56b5...
  unleash-appname: codeium-language-server
  unleash-client-spec: 4.3.1
  unleash-instanceid: john-server-node
  accept-encoding: gzip
────────────────────────────────────────────────────────────────────────────────
RESP HEADERS:

================================================================================
[0067] 17:50:23.126  GET https://unleash.codeium.com/api/client/features  → 502  (60008ms)
────────────────────────────────────────────────────────────────────────────────
REQ HEADERS:
  host: unleash.codeium.com
  connection: keep-alive
  accept: */*
  user-agent: codeium-language-server
  authorization: *:production.ead56b5...
  unleash-appname: codeium-language-server
  unleash-client-spec: 4.3.1
  unleash-instanceid: john-server-node
  accept-encoding: gzip
────────────────────────────────────────────────────────────────────────────────
RESP HEADERS:

================================================================================
[0068] 17:50:23.129  GET https://unleash.codeium.com/api/client/features  → 502  (60007ms)
────────────────────────────────────────────────────────────────────────────────
REQ HEADERS:
  host: unleash.codeium.com
  connection: keep-alive
  accept: */*
  user-agent: codeium-language-server
  authorization: *:production.ead56b5...
  unleash-appname: codeium-language-server
  unleash-client-spec: 4.3.1
  unleash-instanceid: john-server-node
  accept-encoding: gzip
────────────────────────────────────────────────────────────────────────────────
RESP HEADERS:

================================================================================
[0069] 17:50:23.135  GET https://unleash.codeium.com/api/client/features  → 502  (60007ms)
────────────────────────────────────────────────────────────────────────────────
REQ HEADERS:
  host: unleash.codeium.com
  connection: keep-alive
  accept: */*
  user-agent: codeium-language-server
  authorization: *:production.ead56b5...
  unleash-appname: codeium-language-server
  unleash-client-spec: 4.3.1
  unleash-instanceid: john-server-node
  accept-encoding: gzip
────────────────────────────────────────────────────────────────────────────────
RESP HEADERS:

================================================================================
[0070] 17:50:23.148  GET https://unleash.codeium.com/api/client/features  → 502  (60015ms)
────────────────────────────────────────────────────────────────────────────────
REQ HEADERS:
  host: unleash.codeium.com
  connection: keep-alive
  accept: */*
  user-agent: codeium-language-server
  authorization: *:production.ead56b5...
  unleash-appname: codeium-language-server
  unleash-client-spec: 4.3.1
  unleash-instanceid: john-server-node
  accept-encoding: gzip
────────────────────────────────────────────────────────────────────────────────
RESP HEADERS:

================================================================================
[0071] 17:50:23.150  GET https://unleash.codeium.com/api/client/features  → 502  (60012ms)
────────────────────────────────────────────────────────────────────────────────
REQ HEADERS:
  host: unleash.codeium.com
  connection: keep-alive
  accept: */*
  user-agent: codeium-language-server
  authorization: *:production.ead56b5...
  unleash-appname: codeium-language-server
  unleash-client-spec: 4.3.1
  unleash-instanceid: john-server-node
  accept-encoding: gzip
────────────────────────────────────────────────────────────────────────────────
RESP HEADERS:

================================================================================
[0072] 17:50:23.150  GET https://unleash.codeium.com/api/client/features  → 502  (60007ms)
────────────────────────────────────────────────────────────────────────────────
REQ HEADERS:
  host: unleash.codeium.com
  connection: keep-alive
  accept: */*
  user-agent: codeium-language-server
  authorization: *:production.ead56b5...
  unleash-appname: codeium-language-server
  unleash-client-spec: 4.3.1
  unleash-instanceid: john-server-node
  accept-encoding: gzip
────────────────────────────────────────────────────────────────────────────────
RESP HEADERS:

================================================================================
[0073] 17:50:23.165  GET https://unleash.codeium.com/api/client/features  → 502  (60016ms)
────────────────────────────────────────────────────────────────────────────────
REQ HEADERS:
  host: unleash.codeium.com
  connection: keep-alive
  accept: */*
  user-agent: codeium-language-server
  authorization: *:production.ead56b5...
  unleash-appname: codeium-language-server
  unleash-client-spec: 4.3.1
  unleash-instanceid: john-server-node
  accept-encoding: gzip
────────────────────────────────────────────────────────────────────────────────
RESP HEADERS:

================================================================================
[0074] 17:50:23.166  GET https://unleash.codeium.com/api/client/features  → 502  (60013ms)
────────────────────────────────────────────────────────────────────────────────
REQ HEADERS:
  host: unleash.codeium.com
  connection: keep-alive
  accept: */*
  user-agent: codeium-language-server
  authorization: *:production.ead56b5...
  unleash-appname: codeium-language-server
  unleash-client-spec: 4.3.1
  unleash-instanceid: john-server-node
  accept-encoding: gzip
────────────────────────────────────────────────────────────────────────────────
RESP HEADERS:

================================================================================
[0075] 17:50:23.175  GET https://unleash.codeium.com/api/client/features  → 502  (60015ms)
────────────────────────────────────────────────────────────────────────────────
REQ HEADERS:
  host: unleash.codeium.com
  connection: keep-alive
  accept: */*
  user-agent: codeium-language-server
  authorization: *:production.ead56b5...
  unleash-appname: codeium-language-server
  unleash-client-spec: 4.3.1
  unleash-instanceid: john-server-node
  accept-encoding: gzip
────────────────────────────────────────────────────────────────────────────────
RESP HEADERS:

================================================================================
[0076] 17:50:23.176  GET https://unleash.codeium.com/api/client/features  → 502  (60012ms)
────────────────────────────────────────────────────────────────────────────────
REQ HEADERS:
  host: unleash.codeium.com
  connection: keep-alive
  accept: */*
  user-agent: codeium-language-server
  authorization: *:production.ead56b5...
  unleash-appname: codeium-language-server
  unleash-client-spec: 4.3.1
  unleash-instanceid: john-server-node
  accept-encoding: gzip
────────────────────────────────────────────────────────────────────────────────
RESP HEADERS:

================================================================================
[0077] 17:50:23.178  GET https://unleash.codeium.com/api/client/features  → 502  (60009ms)
────────────────────────────────────────────────────────────────────────────────
REQ HEADERS:
  host: unleash.codeium.com
  connection: keep-alive
  accept: */*
  user-agent: codeium-language-server
  authorization: *:production.ead56b5...
  unleash-appname: codeium-language-server
  unleash-client-spec: 4.3.1
  unleash-instanceid: john-server-node
  accept-encoding: gzip
────────────────────────────────────────────────────────────────────────────────
RESP HEADERS:

================================================================================
[0078] 17:50:23.180  GET https://unleash.codeium.com/api/client/features  → 502  (60006ms)
────────────────────────────────────────────────────────────────────────────────
REQ HEADERS:
  host: unleash.codeium.com
  connection: keep-alive
  accept: */*
  user-agent: codeium-language-server
  authorization: *:production.ead56b5...
  unleash-appname: codeium-language-server
  unleash-client-spec: 4.3.1
  unleash-instanceid: john-server-node
  accept-encoding: gzip
────────────────────────────────────────────────────────────────────────────────
RESP HEADERS:

================================================================================
[0079] 17:50:23.184  GET https://unleash.codeium.com/api/client/features  → 502  (60006ms)
────────────────────────────────────────────────────────────────────────────────
REQ HEADERS:
  host: unleash.codeium.com
  connection: keep-alive
  accept: */*
  user-agent: codeium-language-server
  authorization: *:production.ead56b5...
  unleash-appname: codeium-language-server
  unleash-client-spec: 4.3.1
  unleash-instanceid: john-server-node
  accept-encoding: gzip
────────────────────────────────────────────────────────────────────────────────
RESP HEADERS:

================================================================================
[0080] 17:50:23.190  GET https://unleash.codeium.com/api/client/features  → 502  (60007ms)
────────────────────────────────────────────────────────────────────────────────
REQ HEADERS:
  host: unleash.codeium.com
  connection: keep-alive
  accept: */*
  user-agent: codeium-language-server
  authorization: *:production.ead56b5...
  unleash-appname: codeium-language-server
  unleash-client-spec: 4.3.1
  unleash-instanceid: john-server-node
  accept-encoding: gzip
────────────────────────────────────────────────────────────────────────────────
RESP HEADERS:

================================================================================
[0081] 17:50:23.197  GET https://unleash.codeium.com/api/client/features  → 502  (60007ms)
────────────────────────────────────────────────────────────────────────────────
REQ HEADERS:
  host: unleash.codeium.com
  connection: keep-alive
  accept: */*
  user-agent: codeium-language-server
  authorization: *:production.ead56b5...
  unleash-appname: codeium-language-server
  unleash-client-spec: 4.3.1
  unleash-instanceid: john-server-node
  accept-encoding: gzip
────────────────────────────────────────────────────────────────────────────────
RESP HEADERS:

================================================================================
[0082] 17:50:23.202  GET https://unleash.codeium.com/api/client/features  → 502  (60006ms)
────────────────────────────────────────────────────────────────────────────────
REQ HEADERS:
  host: unleash.codeium.com
  connection: keep-alive
  accept: */*
  user-agent: codeium-language-server
  authorization: *:production.ead56b5...
  unleash-appname: codeium-language-server
  unleash-client-spec: 4.3.1
  unleash-instanceid: john-server-node
  accept-encoding: gzip
────────────────────────────────────────────────────────────────────────────────
RESP HEADERS:

================================================================================
[0083] 17:50:23.208  GET https://unleash.codeium.com/api/client/features  → 502  (60007ms)
────────────────────────────────────────────────────────────────────────────────
REQ HEADERS:
  host: unleash.codeium.com
  connection: keep-alive
  accept: */*
  user-agent: codeium-language-server
  authorization: *:production.ead56b5...
  unleash-appname: codeium-language-server
  unleash-client-spec: 4.3.1
  unleash-instanceid: john-server-node
  accept-encoding: gzip
────────────────────────────────────────────────────────────────────────────────
RESP HEADERS:

================================================================================
[0084] 17:50:23.212  GET https://unleash.codeium.com/api/client/features  → 502  (60007ms)
────────────────────────────────────────────────────────────────────────────────
REQ HEADERS:
  host: unleash.codeium.com
  connection: keep-alive
  accept: */*
  user-agent: codeium-language-server
  authorization: *:production.ead56b5...
  unleash-appname: codeium-language-server
  unleash-client-spec: 4.3.1
  unleash-instanceid: john-server-node
  accept-encoding: gzip
────────────────────────────────────────────────────────────────────────────────
RESP HEADERS:

================================================================================
[0085] 17:50:23.218  GET https://unleash.codeium.com/api/client/features  → 502  (60007ms)
────────────────────────────────────────────────────────────────────────────────
REQ HEADERS:
  host: unleash.codeium.com
  connection: keep-alive
  accept: */*
  user-agent: codeium-language-server
  authorization: *:production.ead56b5...
  unleash-appname: codeium-language-server
  unleash-client-spec: 4.3.1
  unleash-instanceid: john-server-node
  accept-encoding: gzip
────────────────────────────────────────────────────────────────────────────────
RESP HEADERS:

================================================================================
[0086] 17:50:23.223  GET https://unleash.codeium.com/api/client/features  → 502  (60006ms)
────────────────────────────────────────────────────────────────────────────────
REQ HEADERS:
  host: unleash.codeium.com
  connection: keep-alive
  accept: */*
  user-agent: codeium-language-server
  authorization: *:production.ead56b5...
  unleash-appname: codeium-language-server
  unleash-client-spec: 4.3.1
  unleash-instanceid: john-server-node
  accept-encoding: gzip
────────────────────────────────────────────────────────────────────────────────
RESP HEADERS:

================================================================================
[0087] 17:50:23.229  GET https://unleash.codeium.com/api/client/features  → 502  (60008ms)
────────────────────────────────────────────────────────────────────────────────
REQ HEADERS:
  host: unleash.codeium.com
  connection: keep-alive
  accept: */*
  user-agent: codeium-language-server
  authorization: *:production.ead56b5...
  unleash-appname: codeium-language-server
  unleash-client-spec: 4.3.1
  unleash-instanceid: john-server-node
  accept-encoding: gzip
────────────────────────────────────────────────────────────────────────────────
RESP HEADERS:

================================================================================
[0088] 17:50:23.234  GET https://unleash.codeium.com/api/client/features  → 502  (60007ms)
────────────────────────────────────────────────────────────────────────────────
REQ HEADERS:
  host: unleash.codeium.com
  connection: keep-alive
  accept: */*
  user-agent: codeium-language-server
  authorization: *:production.ead56b5...
  unleash-appname: codeium-language-server
  unleash-client-spec: 4.3.1
  unleash-instanceid: john-server-node
  accept-encoding: gzip
────────────────────────────────────────────────────────────────────────────────
RESP HEADERS:

================================================================================
[0089] 17:50:23.238  GET https://unleash.codeium.com/api/client/features  → 502  (60006ms)
────────────────────────────────────────────────────────────────────────────────
REQ HEADERS:
  host: unleash.codeium.com
  connection: keep-alive
  accept: */*
  user-agent: codeium-language-server
  authorization: *:production.ead56b5...
  unleash-appname: codeium-language-server
  unleash-client-spec: 4.3.1
  unleash-instanceid: john-server-node
  accept-encoding: gzip
────────────────────────────────────────────────────────────────────────────────
RESP HEADERS:

================================================================================
[0090] 17:50:23.244  GET https://unleash.codeium.com/api/client/features  → 502  (60006ms)
────────────────────────────────────────────────────────────────────────────────
REQ HEADERS:
  host: unleash.codeium.com
  connection: keep-alive
  accept: */*
  user-agent: codeium-language-server
  authorization: *:production.ead56b5...
  unleash-appname: codeium-language-server
  unleash-client-spec: 4.3.1
  unleash-instanceid: john-server-node
  accept-encoding: gzip
────────────────────────────────────────────────────────────────────────────────
RESP HEADERS:

================================================================================
[0091] 17:50:23.251  GET https://unleash.codeium.com/api/client/features  → 502  (60008ms)
────────────────────────────────────────────────────────────────────────────────
REQ HEADERS:
  host: unleash.codeium.com
  connection: keep-alive
  accept: */*
  user-agent: codeium-language-server
  authorization: *:production.ead56b5...
  unleash-appname: codeium-language-server
  unleash-client-spec: 4.3.1
  unleash-instanceid: john-server-node
  accept-encoding: gzip
────────────────────────────────────────────────────────────────────────────────
RESP HEADERS:

================================================================================
[0092] 17:50:23.256  GET https://unleash.codeium.com/api/client/features  → 502  (60007ms)
────────────────────────────────────────────────────────────────────────────────
REQ HEADERS:
  host: unleash.codeium.com
  connection: keep-alive
  accept: */*
  user-agent: codeium-language-server
  authorization: *:production.ead56b5...
  unleash-appname: codeium-language-server
  unleash-client-spec: 4.3.1
  unleash-instanceid: john-server-node
  accept-encoding: gzip
────────────────────────────────────────────────────────────────────────────────
RESP HEADERS:

================================================================================
[0093] 17:50:23.262  GET https://unleash.codeium.com/api/client/features  → 502  (60007ms)
────────────────────────────────────────────────────────────────────────────────
REQ HEADERS:
  host: unleash.codeium.com
  connection: keep-alive
  accept: */*
  user-agent: codeium-language-server
  authorization: *:production.ead56b5...
  unleash-appname: codeium-language-server
  unleash-client-spec: 4.3.1
  unleash-instanceid: john-server-node
  accept-encoding: gzip
────────────────────────────────────────────────────────────────────────────────
RESP HEADERS:

================================================================================
[0094] 17:50:23.266  GET https://unleash.codeium.com/api/client/features  → 502  (60006ms)
────────────────────────────────────────────────────────────────────────────────
REQ HEADERS:
  host: unleash.codeium.com
  connection: keep-alive
  accept: */*
  user-agent: codeium-language-server
  authorization: *:production.ead56b5...
  unleash-appname: codeium-language-server
  unleash-client-spec: 4.3.1
  unleash-instanceid: john-server-node
  accept-encoding: gzip
────────────────────────────────────────────────────────────────────────────────
RESP HEADERS:

================================================================================
[0095] 17:50:23.273  GET https://unleash.codeium.com/api/client/features  → 502  (60008ms)
────────────────────────────────────────────────────────────────────────────────
REQ HEADERS:
  host: unleash.codeium.com
  connection: keep-alive
  accept: */*
  user-agent: codeium-language-server
  authorization: *:production.ead56b5...
  unleash-appname: codeium-language-server
  unleash-client-spec: 4.3.1
  unleash-instanceid: john-server-node
  accept-encoding: gzip
────────────────────────────────────────────────────────────────────────────────
RESP HEADERS:

================================================================================
[0096] 17:50:23.277  GET https://unleash.codeium.com/api/client/features  → 502  (60007ms)
────────────────────────────────────────────────────────────────────────────────
REQ HEADERS:
  host: unleash.codeium.com
  connection: keep-alive
  accept: */*
  user-agent: codeium-language-server
  authorization: *:production.ead56b5...
  unleash-appname: codeium-language-server
  unleash-client-spec: 4.3.1
  unleash-instanceid: john-server-node
  accept-encoding: gzip
────────────────────────────────────────────────────────────────────────────────
RESP HEADERS:

================================================================================
[0097] 17:50:23.282  GET https://unleash.codeium.com/api/client/features  → 502  (60006ms)
────────────────────────────────────────────────────────────────────────────────
REQ HEADERS:
  host: unleash.codeium.com
  connection: keep-alive
  accept: */*
  user-agent: codeium-language-server
  authorization: *:production.ead56b5...
  unleash-appname: codeium-language-server
  unleash-client-spec: 4.3.1
  unleash-instanceid: john-server-node
  accept-encoding: gzip
────────────────────────────────────────────────────────────────────────────────
RESP HEADERS:

================================================================================
[0098] 17:50:23.286  GET https://unleash.codeium.com/api/client/features  → 502  (60006ms)
────────────────────────────────────────────────────────────────────────────────
REQ HEADERS:
  host: unleash.codeium.com
  connection: keep-alive
  accept: */*
  user-agent: codeium-language-server
  authorization: *:production.ead56b5...
  unleash-appname: codeium-language-server
  unleash-client-spec: 4.3.1
  unleash-instanceid: john-server-node
  accept-encoding: gzip
────────────────────────────────────────────────────────────────────────────────
RESP HEADERS:

================================================================================
[0099] 17:50:23.293  GET https://unleash.codeium.com/api/client/features  → 502  (60008ms)
────────────────────────────────────────────────────────────────────────────────
REQ HEADERS:
  host: unleash.codeium.com
  connection: keep-alive
  accept: */*
  user-agent: codeium-language-server
  authorization: *:production.ead56b5...
  unleash-appname: codeium-language-server
  unleash-client-spec: 4.3.1
  unleash-instanceid: john-server-node
  accept-encoding: gzip
────────────────────────────────────────────────────────────────────────────────
RESP HEADERS:

================================================================================
[0100] 17:50:23.299  GET https://unleash.codeium.com/api/client/features  → 502  (60009ms)
────────────────────────────────────────────────────────────────────────────────
REQ HEADERS:
  host: unleash.codeium.com
  connection: keep-alive
  accept: */*
  user-agent: codeium-language-server
  authorization: *:production.ead56b5...
  unleash-appname: codeium-language-server
  unleash-client-spec: 4.3.1
  unleash-instanceid: john-server-node
  accept-encoding: gzip
────────────────────────────────────────────────────────────────────────────────
RESP HEADERS:

================================================================================
[0101] 17:51:22.772  GET https://unleash.codeium.com/api/client/features  → 502  (119474ms)
────────────────────────────────────────────────────────────────────────────────
REQ HEADERS:
  host: unleash.codeium.com
  connection: keep-alive
  accept: */*
  user-agent: codeium-language-server
  authorization: *:production.ead56b5...
  unleash-appname: codeium-language-server
  unleash-client-spec: 4.3.1
  unleash-instanceid: john-server-node
  accept-encoding: gzip
────────────────────────────────────────────────────────────────────────────────
RESP HEADERS:

================================================================================
[0102] 17:51:22.783  GET https://unleash.codeium.com/api/client/features  → 502  (60012ms)
────────────────────────────────────────────────────────────────────────────────
REQ HEADERS:
  host: unleash.codeium.com
  connection: keep-alive
  accept: */*
  user-agent: codeium-language-server
  authorization: *:production.ead56b5...
  unleash-appname: codeium-language-server
  unleash-client-spec: 4.3.1
  unleash-instanceid: john-server-node
  accept-encoding: gzip
────────────────────────────────────────────────────────────────────────────────
RESP HEADERS:

================================================================================
[0103] 17:51:22.792  GET https://unleash.codeium.com/api/client/features  → 502  (60011ms)
────────────────────────────────────────────────────────────────────────────────
REQ HEADERS:
  host: unleash.codeium.com
  connection: keep-alive
  accept: */*
  user-agent: codeium-language-server
  authorization: *:production.ead56b5...
  unleash-appname: codeium-language-server
  unleash-client-spec: 4.3.1
  unleash-instanceid: john-server-node
  accept-encoding: gzip
────────────────────────────────────────────────────────────────────────────────
RESP HEADERS:

================================================================================
[0104] 17:51:22.805  GET https://unleash.codeium.com/api/client/features  → 502  (60014ms)
────────────────────────────────────────────────────────────────────────────────
REQ HEADERS:
  host: unleash.codeium.com
  connection: keep-alive
  accept: */*
  user-agent: codeium-language-server
  authorization: *:production.ead56b5...
  unleash-appname: codeium-language-server
  unleash-client-spec: 4.3.1
  unleash-instanceid: john-server-node
  accept-encoding: gzip
────────────────────────────────────────────────────────────────────────────────
RESP HEADERS:

================================================================================
[0105] 17:51:22.815  GET https://unleash.codeium.com/api/client/features  → 502  (60012ms)
────────────────────────────────────────────────────────────────────────────────
REQ HEADERS:
  host: unleash.codeium.com
  connection: keep-alive
  accept: */*
  user-agent: codeium-language-server
  authorization: *:production.ead56b5...
  unleash-appname: codeium-language-server
  unleash-client-spec: 4.3.1
  unleash-instanceid: john-server-node
  accept-encoding: gzip
────────────────────────────────────────────────────────────────────────────────
RESP HEADERS:

================================================================================
[0106] 17:51:22.821  GET https://unleash.codeium.com/api/client/features  → 502  (60010ms)
────────────────────────────────────────────────────────────────────────────────
REQ HEADERS:
  host: unleash.codeium.com
  connection: keep-alive
  accept: */*
  user-agent: codeium-language-server
  authorization: *:production.ead56b5...
  unleash-appname: codeium-language-server
  unleash-client-spec: 4.3.1
  unleash-instanceid: john-server-node
  accept-encoding: gzip
────────────────────────────────────────────────────────────────────────────────
RESP HEADERS:

================================================================================
[0107] 17:51:22.831  GET https://unleash.codeium.com/api/client/features  → 502  (60012ms)
────────────────────────────────────────────────────────────────────────────────
REQ HEADERS:
  host: unleash.codeium.com
  connection: keep-alive
  accept: */*
  user-agent: codeium-language-server
  authorization: *:production.ead56b5...
  unleash-appname: codeium-language-server
  unleash-client-spec: 4.3.1
  unleash-instanceid: john-server-node
  accept-encoding: gzip
────────────────────────────────────────────────────────────────────────────────
RESP HEADERS:

================================================================================
[0108] 17:51:22.847  GET https://unleash.codeium.com/api/client/features  → 502  (60020ms)
────────────────────────────────────────────────────────────────────────────────
REQ HEADERS:
  host: unleash.codeium.com
  connection: keep-alive
  accept: */*
  user-agent: codeium-language-server
  authorization: *:production.ead56b5...
  unleash-appname: codeium-language-server
  unleash-client-spec: 4.3.1
  unleash-instanceid: john-server-node
  accept-encoding: gzip
────────────────────────────────────────────────────────────────────────────────
RESP HEADERS:

================================================================================
[0109] 17:51:22.867  GET https://unleash.codeium.com/api/client/features  → 502  (60020ms)
────────────────────────────────────────────────────────────────────────────────
REQ HEADERS:
  host: unleash.codeium.com
  connection: keep-alive
  accept: */*
  user-agent: codeium-language-server
  authorization: *:production.ead56b5...
  unleash-appname: codeium-language-server
  unleash-client-spec: 4.3.1
  unleash-instanceid: john-server-node
  accept-encoding: gzip
────────────────────────────────────────────────────────────────────────────────
RESP HEADERS:

================================================================================
[0110] 17:51:22.880  GET https://unleash.codeium.com/api/client/features  → 502  (60015ms)
────────────────────────────────────────────────────────────────────────────────
REQ HEADERS:
  host: unleash.codeium.com
  connection: keep-alive
  accept: */*
  user-agent: codeium-language-server
  authorization: *:production.ead56b5...
  unleash-appname: codeium-language-server
  unleash-client-spec: 4.3.1
  unleash-instanceid: john-server-node
  accept-encoding: gzip
────────────────────────────────────────────────────────────────────────────────
RESP HEADERS:

================================================================================
[0111] 17:51:22.935  GET https://unleash.codeium.com/api/client/features  → 502  (60056ms)
────────────────────────────────────────────────────────────────────────────────
REQ HEADERS:
  host: unleash.codeium.com
  connection: keep-alive
  accept: */*
  user-agent: codeium-language-server
  authorization: *:production.ead56b5...
  unleash-appname: codeium-language-server
  unleash-client-spec: 4.3.1
  unleash-instanceid: john-server-node
  accept-encoding: gzip
────────────────────────────────────────────────────────────────────────────────
RESP HEADERS:

================================================================================
[0112] 17:51:22.963  GET https://unleash.codeium.com/api/client/features  → 502  (60030ms)
────────────────────────────────────────────────────────────────────────────────
REQ HEADERS:
  host: unleash.codeium.com
  connection: keep-alive
  accept: */*
  user-agent: codeium-language-server
  authorization: *:production.ead56b5...
  unleash-appname: codeium-language-server
  unleash-client-spec: 4.3.1
  unleash-instanceid: john-server-node
  accept-encoding: gzip
────────────────────────────────────────────────────────────────────────────────
RESP HEADERS:

================================================================================
[0113] 17:51:23.018  GET https://unleash.codeium.com/api/client/features  → 502  (60056ms)
────────────────────────────────────────────────────────────────────────────────
REQ HEADERS:
  host: unleash.codeium.com
  connection: keep-alive
  accept: */*
  user-agent: codeium-language-server
  authorization: *:production.ead56b5...
  unleash-appname: codeium-language-server
  unleash-client-spec: 4.3.1
  unleash-instanceid: john-server-node
  accept-encoding: gzip
────────────────────────────────────────────────────────────────────────────────
RESP HEADERS:

================================================================================
[0114] 17:51:23.063  GET https://unleash.codeium.com/api/client/features  → 502  (60036ms)
────────────────────────────────────────────────────────────────────────────────
REQ HEADERS:
  host: unleash.codeium.com
  connection: keep-alive
  accept: */*
  user-agent: codeium-language-server
  authorization: *:production.ead56b5...
  unleash-appname: codeium-language-server
  unleash-client-spec: 4.3.1
  unleash-instanceid: john-server-node
  accept-encoding: gzip
────────────────────────────────────────────────────────────────────────────────
RESP HEADERS:

================================================================================
[0115] 17:51:23.086  GET https://unleash.codeium.com/api/client/features  → 502  (60023ms)
────────────────────────────────────────────────────────────────────────────────
REQ HEADERS:
  host: unleash.codeium.com
  connection: keep-alive
  accept: */*
  user-agent: codeium-language-server
  authorization: *:production.ead56b5...
  unleash-appname: codeium-language-server
  unleash-client-spec: 4.3.1
  unleash-instanceid: john-server-node
  accept-encoding: gzip
────────────────────────────────────────────────────────────────────────────────
RESP HEADERS:

================================================================================
[0116] 17:51:23.120  GET https://unleash.codeium.com/api/client/features  → 502  (60021ms)
────────────────────────────────────────────────────────────────────────────────
REQ HEADERS:
  host: unleash.codeium.com
  connection: keep-alive
  accept: */*
  user-agent: codeium-language-server
  authorization: *:production.ead56b5...
  unleash-appname: codeium-language-server
  unleash-client-spec: 4.3.1
  unleash-instanceid: john-server-node
  accept-encoding: gzip
────────────────────────────────────────────────────────────────────────────────
RESP HEADERS:

================================================================================
[0117] 17:51:23.133  GET https://unleash.codeium.com/api/client/features  → 502  (60016ms)
────────────────────────────────────────────────────────────────────────────────
REQ HEADERS:
  host: unleash.codeium.com
  connection: keep-alive
  accept: */*
  user-agent: codeium-language-server
  authorization: *:production.ead56b5...
  unleash-appname: codeium-language-server
  unleash-client-spec: 4.3.1
  unleash-instanceid: john-server-node
  accept-encoding: gzip
────────────────────────────────────────────────────────────────────────────────
RESP HEADERS:

================================================================================
[0118] 17:51:23.144  GET https://unleash.codeium.com/api/client/features  → 502  (60014ms)
────────────────────────────────────────────────────────────────────────────────
REQ HEADERS:
  host: unleash.codeium.com
  connection: keep-alive
  accept: */*
  user-agent: codeium-language-server
  authorization: *:production.ead56b5...
  unleash-appname: codeium-language-server
  unleash-client-spec: 4.3.1
  unleash-instanceid: john-server-node
  accept-encoding: gzip
────────────────────────────────────────────────────────────────────────────────
RESP HEADERS:

================================================================================
[0119] 17:51:23.177  GET https://unleash.codeium.com/api/client/features  → 502  (60034ms)
────────────────────────────────────────────────────────────────────────────────
REQ HEADERS:
  host: unleash.codeium.com
  connection: keep-alive
  accept: */*
  user-agent: codeium-language-server
  authorization: *:production.ead56b5...
  unleash-appname: codeium-language-server
  unleash-client-spec: 4.3.1
  unleash-instanceid: john-server-node
  accept-encoding: gzip
────────────────────────────────────────────────────────────────────────────────
RESP HEADERS:

================================================================================
[0120] 17:51:23.191  GET https://unleash.codeium.com/api/client/features  → 502  (60014ms)
────────────────────────────────────────────────────────────────────────────────
REQ HEADERS:
  host: unleash.codeium.com
  connection: keep-alive
  accept: */*
  user-agent: codeium-language-server
  authorization: *:production.ead56b5...
  unleash-appname: codeium-language-server
  unleash-client-spec: 4.3.1
  unleash-instanceid: john-server-node
  accept-encoding: gzip
────────────────────────────────────────────────────────────────────────────────
RESP HEADERS:

================================================================================
[0121] 17:51:23.198  GET https://unleash.codeium.com/api/client/features  → 502  (60013ms)
────────────────────────────────────────────────────────────────────────────────
REQ HEADERS:
  host: unleash.codeium.com
  connection: keep-alive
  accept: */*
  user-agent: codeium-language-server
  authorization: *:production.ead56b5...
  unleash-appname: codeium-language-server
  unleash-client-spec: 4.3.1
  unleash-instanceid: john-server-node
  accept-encoding: gzip
────────────────────────────────────────────────────────────────────────────────
RESP HEADERS:

================================================================================
[0122] 17:51:23.204  GET https://unleash.codeium.com/api/client/features  → 502  (60009ms)
────────────────────────────────────────────────────────────────────────────────
REQ HEADERS:
  host: unleash.codeium.com
  connection: keep-alive
  accept: */*
  user-agent: codeium-language-server
  authorization: *:production.ead56b5...
  unleash-appname: codeium-language-server
  unleash-client-spec: 4.3.1
  unleash-instanceid: john-server-node
  accept-encoding: gzip
────────────────────────────────────────────────────────────────────────────────
RESP HEADERS:

================================================================================
[0123] 17:51:23.213  GET https://unleash.codeium.com/api/client/features  → 502  (60012ms)
────────────────────────────────────────────────────────────────────────────────
REQ HEADERS:
  host: unleash.codeium.com
  connection: keep-alive
  accept: */*
  user-agent: codeium-language-server
  authorization: *:production.ead56b5...
  unleash-appname: codeium-language-server
  unleash-client-spec: 4.3.1
  unleash-instanceid: john-server-node
  accept-encoding: gzip
────────────────────────────────────────────────────────────────────────────────
RESP HEADERS:

================================================================================
[0124] 17:51:23.220  GET https://unleash.codeium.com/api/client/features  → 502  (60010ms)
────────────────────────────────────────────────────────────────────────────────
REQ HEADERS:
  host: unleash.codeium.com
  connection: keep-alive
  accept: */*
  user-agent: codeium-language-server
  authorization: *:production.ead56b5...
  unleash-appname: codeium-language-server
  unleash-client-spec: 4.3.1
  unleash-instanceid: john-server-node
  accept-encoding: gzip
────────────────────────────────────────────────────────────────────────────────
RESP HEADERS:

================================================================================
[0125] 17:51:23.227  GET https://unleash.codeium.com/api/client/features  → 502  (60011ms)
────────────────────────────────────────────────────────────────────────────────
REQ HEADERS:
  host: unleash.codeium.com
  connection: keep-alive
  accept: */*
  user-agent: codeium-language-server
  authorization: *:production.ead56b5...
  unleash-appname: codeium-language-server
  unleash-client-spec: 4.3.1
  unleash-instanceid: john-server-node
  accept-encoding: gzip
────────────────────────────────────────────────────────────────────────────────
RESP HEADERS:

================================================================================
[0126] 17:51:23.237  GET https://unleash.codeium.com/api/client/features  → 502  (60012ms)
────────────────────────────────────────────────────────────────────────────────
REQ HEADERS:
  host: unleash.codeium.com
  connection: keep-alive
  accept: */*
  user-agent: codeium-language-server
  authorization: *:production.ead56b5...
  unleash-appname: codeium-language-server
  unleash-client-spec: 4.3.1
  unleash-instanceid: john-server-node
  accept-encoding: gzip
────────────────────────────────────────────────────────────────────────────────
RESP HEADERS:

================================================================================
[0127] 17:51:23.248  GET https://unleash.codeium.com/api/client/features  → 502  (60017ms)
────────────────────────────────────────────────────────────────────────────────
REQ HEADERS:
  host: unleash.codeium.com
  connection: keep-alive
  accept: */*
  user-agent: codeium-language-server
  authorization: *:production.ead56b5...
  unleash-appname: codeium-language-server
  unleash-client-spec: 4.3.1
  unleash-instanceid: john-server-node
  accept-encoding: gzip
────────────────────────────────────────────────────────────────────────────────
RESP HEADERS:

================================================================================
[0128] 17:51:23.253  GET https://unleash.codeium.com/api/client/features  → 502  (60017ms)
────────────────────────────────────────────────────────────────────────────────
REQ HEADERS:
  host: unleash.codeium.com
  connection: keep-alive
  accept: */*
  user-agent: codeium-language-server
  authorization: *:production.ead56b5...
  unleash-appname: codeium-language-server
  unleash-client-spec: 4.3.1
  unleash-instanceid: john-server-node
  accept-encoding: gzip
────────────────────────────────────────────────────────────────────────────────
RESP HEADERS:

================================================================================
[0129] 17:51:23.262  GET https://unleash.codeium.com/api/client/features  → 502  (60017ms)
────────────────────────────────────────────────────────────────────────────────
REQ HEADERS:
  host: unleash.codeium.com
  connection: keep-alive
  accept: */*
  user-agent: codeium-language-server
  authorization: *:production.ead56b5...
  unleash-appname: codeium-language-server
  unleash-client-spec: 4.3.1
  unleash-instanceid: john-server-node
  accept-encoding: gzip
────────────────────────────────────────────────────────────────────────────────
RESP HEADERS:

================================================================================
[0130] 17:51:23.268  GET https://unleash.codeium.com/api/client/features  → 502  (60015ms)
────────────────────────────────────────────────────────────────────────────────
REQ HEADERS:
  host: unleash.codeium.com
  connection: keep-alive
  accept: */*
  user-agent: codeium-language-server
  authorization: *:production.ead56b5...
  unleash-appname: codeium-language-server
  unleash-client-spec: 4.3.1
  unleash-instanceid: john-server-node
  accept-encoding: gzip
────────────────────────────────────────────────────────────────────────────────
RESP HEADERS:

================================================================================
[0131] 17:51:23.278  GET https://unleash.codeium.com/api/client/features  → 502  (60018ms)
────────────────────────────────────────────────────────────────────────────────
REQ HEADERS:
  host: unleash.codeium.com
  connection: keep-alive
  accept: */*
  user-agent: codeium-language-server
  authorization: *:production.ead56b5...
  unleash-appname: codeium-language-server
  unleash-client-spec: 4.3.1
  unleash-instanceid: john-server-node
  accept-encoding: gzip
────────────────────────────────────────────────────────────────────────────────
RESP HEADERS:

================================================================================
[0132] 17:51:23.281  GET https://unleash.codeium.com/api/client/features  → 502  (60013ms)
────────────────────────────────────────────────────────────────────────────────
REQ HEADERS:
  host: unleash.codeium.com
  connection: keep-alive
  accept: */*
  user-agent: codeium-language-server
  authorization: *:production.ead56b5...
  unleash-appname: codeium-language-server
  unleash-client-spec: 4.3.1
  unleash-instanceid: john-server-node
  accept-encoding: gzip
────────────────────────────────────────────────────────────────────────────────
RESP HEADERS:

================================================================================
[0133] 17:51:23.293  GET https://unleash.codeium.com/api/client/features  → 502  (60018ms)
────────────────────────────────────────────────────────────────────────────────
REQ HEADERS:
  host: unleash.codeium.com
  connection: keep-alive
  accept: */*
  user-agent: codeium-language-server
  authorization: *:production.ead56b5...
  unleash-appname: codeium-language-server
  unleash-client-spec: 4.3.1
  unleash-instanceid: john-server-node
  accept-encoding: gzip
────────────────────────────────────────────────────────────────────────────────
RESP HEADERS:

================================================================================
[0134] 17:51:23.300  GET https://unleash.codeium.com/api/client/features  → 502  (60016ms)
────────────────────────────────────────────────────────────────────────────────
REQ HEADERS:
  host: unleash.codeium.com
  connection: keep-alive
  accept: */*
  user-agent: codeium-language-server
  authorization: *:production.ead56b5...
  unleash-appname: codeium-language-server
  unleash-client-spec: 4.3.1
  unleash-instanceid: john-server-node
  accept-encoding: gzip
────────────────────────────────────────────────────────────────────────────────
RESP HEADERS:

================================================================================
[0135] 17:51:23.311  GET https://unleash.codeium.com/api/client/features  → 502  (60020ms)
────────────────────────────────────────────────────────────────────────────────
REQ HEADERS:
  host: unleash.codeium.com
  connection: keep-alive
  accept: */*
  user-agent: codeium-language-server
  authorization: *:production.ead56b5...
  unleash-appname: codeium-language-server
  unleash-client-spec: 4.3.1
  unleash-instanceid: john-server-node
  accept-encoding: gzip
────────────────────────────────────────────────────────────────────────────────
RESP HEADERS:

================================================================================
[0136] 17:51:23.319  GET https://unleash.codeium.com/api/client/features  → 502  (60019ms)
────────────────────────────────────────────────────────────────────────────────
REQ HEADERS:
  host: unleash.codeium.com
  connection: keep-alive
  accept: */*
  user-agent: codeium-language-server
  authorization: *:production.ead56b5...
  unleash-appname: codeium-language-server
  unleash-client-spec: 4.3.1
  unleash-instanceid: john-server-node
  accept-encoding: gzip
────────────────────────────────────────────────────────────────────────────────
RESP HEADERS:

================================================================================
[0137] 17:51:23.329  GET https://unleash.codeium.com/api/client/features  → 502  (60023ms)
────────────────────────────────────────────────────────────────────────────────
REQ HEADERS:
  host: unleash.codeium.com
  connection: keep-alive
  accept: */*
  user-agent: codeium-language-server
  authorization: *:production.ead56b5...
  unleash-appname: codeium-language-server
  unleash-client-spec: 4.3.1
  unleash-instanceid: john-server-node
  accept-encoding: gzip
────────────────────────────────────────────────────────────────────────────────
RESP HEADERS:

================================================================================
[0138] 17:51:23.333  GET https://unleash.codeium.com/api/client/features  → 502  (60021ms)
────────────────────────────────────────────────────────────────────────────────
REQ HEADERS:
  host: unleash.codeium.com
  connection: keep-alive
  accept: */*
  user-agent: codeium-language-server
  authorization: *:production.ead56b5...
  unleash-appname: codeium-language-server
  unleash-client-spec: 4.3.1
  unleash-instanceid: john-server-node
  accept-encoding: gzip
────────────────────────────────────────────────────────────────────────────────
RESP HEADERS:

================================================================================
[0139] 17:51:23.336  GET https://unleash.codeium.com/api/client/features  → 502  (60018ms)
────────────────────────────────────────────────────────────────────────────────
REQ HEADERS:
  host: unleash.codeium.com
  connection: keep-alive
  accept: */*
  user-agent: codeium-language-server
  authorization: *:production.ead56b5...
  unleash-appname: codeium-language-server
  unleash-client-spec: 4.3.1
  unleash-instanceid: john-server-node
  accept-encoding: gzip
────────────────────────────────────────────────────────────────────────────────
RESP HEADERS:

================================================================================
[0140] 17:51:23.347  GET https://unleash.codeium.com/api/client/features  → 502  (60024ms)
────────────────────────────────────────────────────────────────────────────────
REQ HEADERS:
  host: unleash.codeium.com
  connection: keep-alive
  accept: */*
  user-agent: codeium-language-server
  authorization: *:production.ead56b5...
  unleash-appname: codeium-language-server
  unleash-client-spec: 4.3.1
  unleash-instanceid: john-server-node
  accept-encoding: gzip
────────────────────────────────────────────────────────────────────────────────
RESP HEADERS:

================================================================================
[0141] 17:51:23.351  GET https://unleash.codeium.com/api/client/features  → 502  (60021ms)
────────────────────────────────────────────────────────────────────────────────
REQ HEADERS:
  host: unleash.codeium.com
  connection: keep-alive
  accept: */*
  user-agent: codeium-language-server
  authorization: *:production.ead56b5...
  unleash-appname: codeium-language-server
  unleash-client-spec: 4.3.1
  unleash-instanceid: john-server-node
  accept-encoding: gzip
────────────────────────────────────────────────────────────────────────────────
RESP HEADERS:

================================================================================
[0142] 17:51:23.358  GET https://unleash.codeium.com/api/client/features  → 502  (60022ms)
────────────────────────────────────────────────────────────────────────────────
REQ HEADERS:
  host: unleash.codeium.com
  connection: keep-alive
  accept: */*
  user-agent: codeium-language-server
  authorization: *:production.ead56b5...
  unleash-appname: codeium-language-server
  unleash-client-spec: 4.3.1
  unleash-instanceid: john-server-node
  accept-encoding: gzip
────────────────────────────────────────────────────────────────────────────────
RESP HEADERS:

================================================================================
[0143] 17:51:23.362  GET https://unleash.codeium.com/api/client/features  → 502  (60021ms)
────────────────────────────────────────────────────────────────────────────────
REQ HEADERS:
  host: unleash.codeium.com
  connection: keep-alive
  accept: */*
  user-agent: codeium-language-server
  authorization: *:production.ead56b5...
  unleash-appname: codeium-language-server
  unleash-client-spec: 4.3.1
  unleash-instanceid: john-server-node
  accept-encoding: gzip
────────────────────────────────────────────────────────────────────────────────
RESP HEADERS:

================================================================================
[0144] 17:51:23.372  GET https://unleash.codeium.com/api/client/features  → 502  (60024ms)
────────────────────────────────────────────────────────────────────────────────
REQ HEADERS:
  host: unleash.codeium.com
  connection: keep-alive
  accept: */*
  user-agent: codeium-language-server
  authorization: *:production.ead56b5...
  unleash-appname: codeium-language-server
  unleash-client-spec: 4.3.1
  unleash-instanceid: john-server-node
  accept-encoding: gzip
────────────────────────────────────────────────────────────────────────────────
RESP HEADERS:

================================================================================
[0145] 17:51:23.380  GET https://unleash.codeium.com/api/client/features  → 502  (60022ms)
────────────────────────────────────────────────────────────────────────────────
REQ HEADERS:
  host: unleash.codeium.com
  connection: keep-alive
  accept: */*
  user-agent: codeium-language-server
  authorization: *:production.ead56b5...
  unleash-appname: codeium-language-server
  unleash-client-spec: 4.3.1
  unleash-instanceid: john-server-node
  accept-encoding: gzip
────────────────────────────────────────────────────────────────────────────────
RESP HEADERS:

================================================================================
[0146] 17:51:23.392  GET https://unleash.codeium.com/api/client/features  → 502  (60026ms)
────────────────────────────────────────────────────────────────────────────────
REQ HEADERS:
  host: unleash.codeium.com
  connection: keep-alive
  accept: */*
  user-agent: codeium-language-server
  authorization: *:production.ead56b5...
  unleash-appname: codeium-language-server
  unleash-client-spec: 4.3.1
  unleash-instanceid: john-server-node
  accept-encoding: gzip
────────────────────────────────────────────────────────────────────────────────
RESP HEADERS:

================================================================================
[0147] 17:51:23.401  GET https://unleash.codeium.com/api/client/features  → 502  (60028ms)
────────────────────────────────────────────────────────────────────────────────
REQ HEADERS:
  host: unleash.codeium.com
  connection: keep-alive
  accept: */*
  user-agent: codeium-language-server
  authorization: *:production.ead56b5...
  unleash-appname: codeium-language-server
  unleash-client-spec: 4.3.1
  unleash-instanceid: john-server-node
  accept-encoding: gzip
────────────────────────────────────────────────────────────────────────────────
RESP HEADERS:

================================================================================
[0148] 17:51:23.408  GET https://unleash.codeium.com/api/client/features  → 502  (60027ms)
────────────────────────────────────────────────────────────────────────────────
REQ HEADERS:
  host: unleash.codeium.com
  connection: keep-alive
  accept: */*
  user-agent: codeium-language-server
  authorization: *:production.ead56b5...
  unleash-appname: codeium-language-server
  unleash-client-spec: 4.3.1
  unleash-instanceid: john-server-node
  accept-encoding: gzip
────────────────────────────────────────────────────────────────────────────────
RESP HEADERS:

================================================================================
[0149] 17:51:23.414  GET https://unleash.codeium.com/api/client/features  → 502  (60027ms)
────────────────────────────────────────────────────────────────────────────────
REQ HEADERS:
  host: unleash.codeium.com
  connection: keep-alive
  accept: */*
  user-agent: codeium-language-server
  authorization: *:production.ead56b5...
  unleash-appname: codeium-language-server
  unleash-client-spec: 4.3.1
  unleash-instanceid: john-server-node
  accept-encoding: gzip
────────────────────────────────────────────────────────────────────────────────
RESP HEADERS:

================================================================================
[0150] 17:51:23.425  GET https://unleash.codeium.com/api/client/features  → 502  (60031ms)
────────────────────────────────────────────────────────────────────────────────
REQ HEADERS:
  host: unleash.codeium.com
  connection: keep-alive
  accept: */*
  user-agent: codeium-language-server
  authorization: *:production.ead56b5...
  unleash-appname: codeium-language-server
  unleash-client-spec: 4.3.1
  unleash-instanceid: john-server-node
  accept-encoding: gzip
────────────────────────────────────────────────────────────────────────────────
RESP HEADERS:

================================================================================
[0151] 17:51:23.426  GET https://unleash.codeium.com/api/client/features  → 502  (60027ms)
────────────────────────────────────────────────────────────────────────────────
REQ HEADERS:
  host: unleash.codeium.com
  connection: keep-alive
  accept: */*
  user-agent: codeium-language-server
  authorization: *:production.ead56b5...
  unleash-appname: codeium-language-server
  unleash-client-spec: 4.3.1
  unleash-instanceid: john-server-node
  accept-encoding: gzip
────────────────────────────────────────────────────────────────────────────────
RESP HEADERS:

================================================================================
[0152] 17:51:23.436  GET https://unleash.codeium.com/api/client/features  → 502  (60030ms)
────────────────────────────────────────────────────────────────────────────────
REQ HEADERS:
  host: unleash.codeium.com
  connection: keep-alive
  accept: */*
  user-agent: codeium-language-server
  authorization: *:production.ead56b5...
  unleash-appname: codeium-language-server
  unleash-client-spec: 4.3.1
  unleash-instanceid: john-server-node
  accept-encoding: gzip
────────────────────────────────────────────────────────────────────────────────
RESP HEADERS:

================================================================================
[0153] 17:51:23.447  GET https://unleash.codeium.com/api/client/features  → 502  (60028ms)
────────────────────────────────────────────────────────────────────────────────
REQ HEADERS:
  host: unleash.codeium.com
  connection: keep-alive
  accept: */*
  user-agent: codeium-language-server
  authorization: *:production.ead56b5...
  unleash-appname: codeium-language-server
  unleash-client-spec: 4.3.1
  unleash-instanceid: john-server-node
  accept-encoding: gzip
────────────────────────────────────────────────────────────────────────────────
RESP HEADERS:

================================================================================
[0154] 17:51:23.449  GET https://unleash.codeium.com/api/client/features  → 502  (60024ms)
────────────────────────────────────────────────────────────────────────────────
REQ HEADERS:
  host: unleash.codeium.com
  connection: keep-alive
  accept: */*
  user-agent: codeium-language-server
  authorization: *:production.ead56b5...
  unleash-appname: codeium-language-server
  unleash-client-spec: 4.3.1
  unleash-instanceid: john-server-node
  accept-encoding: gzip
────────────────────────────────────────────────────────────────────────────────
RESP HEADERS:

================================================================================
[0155] 17:51:23.460  GET https://unleash.codeium.com/api/client/features  → 502  (60029ms)
────────────────────────────────────────────────────────────────────────────────
REQ HEADERS:
  host: unleash.codeium.com
  connection: keep-alive
  accept: */*
  user-agent: codeium-language-server
  authorization: *:production.ead56b5...
  unleash-appname: codeium-language-server
  unleash-client-spec: 4.3.1
  unleash-instanceid: john-server-node
  accept-encoding: gzip
────────────────────────────────────────────────────────────────────────────────
RESP HEADERS:

================================================================================
[0156] 17:51:23.465  GET https://unleash.codeium.com/api/client/features  → 502  (60029ms)
────────────────────────────────────────────────────────────────────────────────
REQ HEADERS:
  host: unleash.codeium.com
  connection: keep-alive
  accept: */*
  user-agent: codeium-language-server
  authorization: *:production.ead56b5...
  unleash-appname: codeium-language-server
  unleash-client-spec: 4.3.1
  unleash-instanceid: john-server-node
  accept-encoding: gzip
────────────────────────────────────────────────────────────────────────────────
RESP HEADERS:

================================================================================
[0157] 17:51:23.472  GET https://unleash.codeium.com/api/client/features  → 502  (60029ms)
────────────────────────────────────────────────────────────────────────────────
REQ HEADERS:
  host: unleash.codeium.com
  connection: keep-alive
  accept: */*
  user-agent: codeium-language-server
  authorization: *:production.ead56b5...
  unleash-appname: codeium-language-server
  unleash-client-spec: 4.3.1
  unleash-instanceid: john-server-node
  accept-encoding: gzip
────────────────────────────────────────────────────────────────────────────────
RESP HEADERS:

================================================================================
[0158] 17:51:23.478  GET https://unleash.codeium.com/api/client/features  → 502  (60028ms)
────────────────────────────────────────────────────────────────────────────────
REQ HEADERS:
  host: unleash.codeium.com
  connection: keep-alive
  accept: */*
  user-agent: codeium-language-server
  authorization: *:production.ead56b5...
  unleash-appname: codeium-language-server
  unleash-client-spec: 4.3.1
  unleash-instanceid: john-server-node
  accept-encoding: gzip
────────────────────────────────────────────────────────────────────────────────
RESP HEADERS:

================================================================================
[0159] 17:51:23.481  GET https://unleash.codeium.com/api/client/features  → 502  (60023ms)
────────────────────────────────────────────────────────────────────────────────
REQ HEADERS:
  host: unleash.codeium.com
  connection: keep-alive
  accept: */*
  user-agent: codeium-language-server
  authorization: *:production.ead56b5...
  unleash-appname: codeium-language-server
  unleash-client-spec: 4.3.1
  unleash-instanceid: john-server-node
  accept-encoding: gzip
────────────────────────────────────────────────────────────────────────────────
RESP HEADERS:

================================================================================
[0160] 17:51:23.490  GET https://unleash.codeium.com/api/client/features  → 502  (60027ms)
────────────────────────────────────────────────────────────────────────────────
REQ HEADERS:
  host: unleash.codeium.com
  connection: keep-alive
  accept: */*
  user-agent: codeium-language-server
  authorization: *:production.ead56b5...
  unleash-appname: codeium-language-server
  unleash-client-spec: 4.3.1
  unleash-instanceid: john-server-node
  accept-encoding: gzip
────────────────────────────────────────────────────────────────────────────────
RESP HEADERS:

================================================================================
[0161] 17:51:23.495  GET https://unleash.codeium.com/api/client/features  → 502  (60027ms)
────────────────────────────────────────────────────────────────────────────────
REQ HEADERS:
  host: unleash.codeium.com
  connection: keep-alive
  accept: */*
  user-agent: codeium-language-server
  authorization: *:production.ead56b5...
  unleash-appname: codeium-language-server
  unleash-client-spec: 4.3.1
  unleash-instanceid: john-server-node
  accept-encoding: gzip
────────────────────────────────────────────────────────────────────────────────
RESP HEADERS:

================================================================================
[0162] 17:51:23.506  GET https://unleash.codeium.com/api/client/features  → 502  (60032ms)
────────────────────────────────────────────────────────────────────────────────
REQ HEADERS:
  host: unleash.codeium.com
  connection: keep-alive
  accept: */*
  user-agent: codeium-language-server
  authorization: *:production.ead56b5...
  unleash-appname: codeium-language-server
  unleash-client-spec: 4.3.1
  unleash-instanceid: john-server-node
  accept-encoding: gzip
────────────────────────────────────────────────────────────────────────────────
RESP HEADERS:

================================================================================
[0163] 17:51:23.507  GET https://unleash.codeium.com/api/client/features  → 502  (60027ms)
────────────────────────────────────────────────────────────────────────────────
REQ HEADERS:
  host: unleash.codeium.com
  connection: keep-alive
  accept: */*
  user-agent: codeium-language-server
  authorization: *:production.ead56b5...
  unleash-appname: codeium-language-server
  unleash-client-spec: 4.3.1
  unleash-instanceid: john-server-node
  accept-encoding: gzip
────────────────────────────────────────────────────────────────────────────────
RESP HEADERS:

================================================================================
[0164] 17:51:23.514  GET https://unleash.codeium.com/api/client/features  → 502  (60029ms)
────────────────────────────────────────────────────────────────────────────────
REQ HEADERS:
  host: unleash.codeium.com
  connection: keep-alive
  accept: */*
  user-agent: codeium-language-server
  authorization: *:production.ead56b5...
  unleash-appname: codeium-language-server
  unleash-client-spec: 4.3.1
  unleash-instanceid: john-server-node
  accept-encoding: gzip
────────────────────────────────────────────────────────────────────────────────
RESP HEADERS:

================================================================================
[0165] 17:51:23.528  GET https://unleash.codeium.com/api/client/features  → 502  (60035ms)
────────────────────────────────────────────────────────────────────────────────
REQ HEADERS:
  host: unleash.codeium.com
  connection: keep-alive
  accept: */*
  user-agent: codeium-language-server
  authorization: *:production.ead56b5...
  unleash-appname: codeium-language-server
  unleash-client-spec: 4.3.1
  unleash-instanceid: john-server-node
  accept-encoding: gzip
────────────────────────────────────────────────────────────────────────────────
RESP HEADERS:

================================================================================
[0166] 17:51:23.534  GET https://unleash.codeium.com/api/client/features  → 502  (60034ms)
────────────────────────────────────────────────────────────────────────────────
REQ HEADERS:
  host: unleash.codeium.com
  connection: keep-alive
  accept: */*
  user-agent: codeium-language-server
  authorization: *:production.ead56b5...
  unleash-appname: codeium-language-server
  unleash-client-spec: 4.3.1
  unleash-instanceid: john-server-node
  accept-encoding: gzip
────────────────────────────────────────────────────────────────────────────────
RESP HEADERS:

================================================================================
[0167] 17:51:23.535  GET https://unleash.codeium.com/api/client/features  → 502  (60029ms)
────────────────────────────────────────────────────────────────────────────────
REQ HEADERS:
  host: unleash.codeium.com
  connection: keep-alive
  accept: */*
  user-agent: codeium-language-server
  authorization: *:production.ead56b5...
  unleash-appname: codeium-language-server
  unleash-client-spec: 4.3.1
  unleash-instanceid: john-server-node
  accept-encoding: gzip
────────────────────────────────────────────────────────────────────────────────
RESP HEADERS:

================================================================================
[0168] 17:51:23.543  GET https://unleash.codeium.com/api/client/features  → 502  (60030ms)
────────────────────────────────────────────────────────────────────────────────
REQ HEADERS:
  host: unleash.codeium.com
  connection: keep-alive
  accept: */*
  user-agent: codeium-language-server
  authorization: *:production.ead56b5...
  unleash-appname: codeium-language-server
  unleash-client-spec: 4.3.1
  unleash-instanceid: john-server-node
  accept-encoding: gzip
────────────────────────────────────────────────────────────────────────────────
RESP HEADERS:

================================================================================
[0169] 17:51:23.552  GET https://unleash.codeium.com/api/client/features  → 502  (60032ms)
────────────────────────────────────────────────────────────────────────────────
REQ HEADERS:
  host: unleash.codeium.com
  connection: keep-alive
  accept: */*
  user-agent: codeium-language-server
  authorization: *:production.ead56b5...
  unleash-appname: codeium-language-server
  unleash-client-spec: 4.3.1
  unleash-instanceid: john-server-node
  accept-encoding: gzip
────────────────────────────────────────────────────────────────────────────────
RESP HEADERS:

================================================================================
[0170] 17:51:23.562  GET https://unleash.codeium.com/api/client/features  → 502  (60035ms)
────────────────────────────────────────────────────────────────────────────────
REQ HEADERS:
  host: unleash.codeium.com
  connection: keep-alive
  accept: */*
  user-agent: codeium-language-server
  authorization: *:production.ead56b5...
  unleash-appname: codeium-language-server
  unleash-client-spec: 4.3.1
  unleash-instanceid: john-server-node
  accept-encoding: gzip
────────────────────────────────────────────────────────────────────────────────
RESP HEADERS:

================================================================================
[0171] 17:51:23.563  GET https://unleash.codeium.com/api/client/features  → 502  (60030ms)
────────────────────────────────────────────────────────────────────────────────
REQ HEADERS:
  host: unleash.codeium.com
  connection: keep-alive
  accept: */*
  user-agent: codeium-language-server
  authorization: *:production.ead56b5...
  unleash-appname: codeium-language-server
  unleash-client-spec: 4.3.1
  unleash-instanceid: john-server-node
  accept-encoding: gzip
────────────────────────────────────────────────────────────────────────────────
RESP HEADERS:

================================================================================
[0172] 17:51:23.569  GET https://unleash.codeium.com/api/client/features  → 502  (60030ms)
────────────────────────────────────────────────────────────────────────────────
REQ HEADERS:
  host: unleash.codeium.com
  connection: keep-alive
  accept: */*
  user-agent: codeium-language-server
  authorization: *:production.ead56b5...
  unleash-appname: codeium-language-server
  unleash-client-spec: 4.3.1
  unleash-instanceid: john-server-node
  accept-encoding: gzip
────────────────────────────────────────────────────────────────────────────────
RESP HEADERS:

================================================================================
[0173] 17:51:23.582  GET https://unleash.codeium.com/api/client/features  → 502  (60037ms)
────────────────────────────────────────────────────────────────────────────────
REQ HEADERS:
  host: unleash.codeium.com
  connection: keep-alive
  accept: */*
  user-agent: codeium-language-server
  authorization: *:production.ead56b5...
  unleash-appname: codeium-language-server
  unleash-client-spec: 4.3.1
  unleash-instanceid: john-server-node
  accept-encoding: gzip
────────────────────────────────────────────────────────────────────────────────
RESP HEADERS:

================================================================================
[0174] 17:51:23.592  GET https://unleash.codeium.com/api/client/features  → 502  (60038ms)
────────────────────────────────────────────────────────────────────────────────
REQ HEADERS:
  host: unleash.codeium.com
  connection: keep-alive
  accept: */*
  user-agent: codeium-language-server
  authorization: *:production.ead56b5...
  unleash-appname: codeium-language-server
  unleash-client-spec: 4.3.1
  unleash-instanceid: john-server-node
  accept-encoding: gzip
────────────────────────────────────────────────────────────────────────────────
RESP HEADERS:

================================================================================
[0175] 17:51:23.597  GET https://unleash.codeium.com/api/client/features  → 502  (60036ms)
────────────────────────────────────────────────────────────────────────────────
REQ HEADERS:
  host: unleash.codeium.com
  connection: keep-alive
  accept: */*
  user-agent: codeium-language-server
  authorization: *:production.ead56b5...
  unleash-appname: codeium-language-server
  unleash-client-spec: 4.3.1
  unleash-instanceid: john-server-node
  accept-encoding: gzip
────────────────────────────────────────────────────────────────────────────────
RESP HEADERS:

================================================================================
[0176] 17:51:23.612  GET https://unleash.codeium.com/api/client/features  → 502  (60040ms)
────────────────────────────────────────────────────────────────────────────────
REQ HEADERS:
  host: unleash.codeium.com
  connection: keep-alive
  accept: */*
  user-agent: codeium-language-server
  authorization: *:production.ead56b5...
  unleash-appname: codeium-language-server
  unleash-client-spec: 4.3.1
  unleash-instanceid: john-server-node
  accept-encoding: gzip
────────────────────────────────────────────────────────────────────────────────
RESP HEADERS:

================================================================================
[0177] 17:51:23.617  GET https://unleash.codeium.com/api/client/features  → 502  (60036ms)
────────────────────────────────────────────────────────────────────────────────
REQ HEADERS:
  host: unleash.codeium.com
  connection: keep-alive
  accept: */*
  user-agent: codeium-language-server
  authorization: *:production.ead56b5...
  unleash-appname: codeium-language-server
  unleash-client-spec: 4.3.1
  unleash-instanceid: john-server-node
  accept-encoding: gzip
────────────────────────────────────────────────────────────────────────────────
RESP HEADERS:

================================================================================
[0178] 17:51:23.618  GET https://unleash.codeium.com/api/client/features  → 502  (60030ms)
────────────────────────────────────────────────────────────────────────────────
REQ HEADERS:
  host: unleash.codeium.com
  connection: keep-alive
  accept: */*
  user-agent: codeium-language-server
  authorization: *:production.ead56b5...
  unleash-appname: codeium-language-server
  unleash-client-spec: 4.3.1
  unleash-instanceid: john-server-node
  accept-encoding: gzip
────────────────────────────────────────────────────────────────────────────────
RESP HEADERS:

================================================================================
[0179] 17:51:23.631  GET https://unleash.codeium.com/api/client/features  → 502  (60034ms)
────────────────────────────────────────────────────────────────────────────────
REQ HEADERS:
  host: unleash.codeium.com
  connection: keep-alive
  accept: */*
  user-agent: codeium-language-server
  authorization: *:production.ead56b5...
  unleash-appname: codeium-language-server
  unleash-client-spec: 4.3.1
  unleash-instanceid: john-server-node
  accept-encoding: gzip
────────────────────────────────────────────────────────────────────────────────
RESP HEADERS:

================================================================================
[0180] 17:51:23.638  GET https://unleash.codeium.com/api/client/features  → 502  (60035ms)
────────────────────────────────────────────────────────────────────────────────
REQ HEADERS:
  host: unleash.codeium.com
  connection: keep-alive
  accept: */*
  user-agent: codeium-language-server
  authorization: *:production.ead56b5...
  unleash-appname: codeium-language-server
  unleash-client-spec: 4.3.1
  unleash-instanceid: john-server-node
  accept-encoding: gzip
────────────────────────────────────────────────────────────────────────────────
RESP HEADERS:

================================================================================
[0181] 17:51:23.644  GET https://unleash.codeium.com/api/client/features  → 502  (60031ms)
────────────────────────────────────────────────────────────────────────────────
REQ HEADERS:
  host: unleash.codeium.com
  connection: keep-alive
  accept: */*
  user-agent: codeium-language-server
  authorization: *:production.ead56b5...
  unleash-appname: codeium-language-server
  unleash-client-spec: 4.3.1
  unleash-instanceid: john-server-node
  accept-encoding: gzip
────────────────────────────────────────────────────────────────────────────────
RESP HEADERS:

================================================================================
[0182] 17:51:23.663  GET https://unleash.codeium.com/api/client/features  → 502  (60040ms)
────────────────────────────────────────────────────────────────────────────────
REQ HEADERS:
  host: unleash.codeium.com
  connection: keep-alive
  accept: */*
  user-agent: codeium-language-server
  authorization: *:production.ead56b5...
  unleash-appname: codeium-language-server
  unleash-client-spec: 4.3.1
  unleash-instanceid: john-server-node
  accept-encoding: gzip
────────────────────────────────────────────────────────────────────────────────
RESP HEADERS:

================================================================================
[0183] 17:51:23.675  GET https://unleash.codeium.com/api/client/features  → 502  (60037ms)
────────────────────────────────────────────────────────────────────────────────
REQ HEADERS:
  host: unleash.codeium.com
  connection: keep-alive
  accept: */*
  user-agent: codeium-language-server
  authorization: *:production.ead56b5...
  unleash-appname: codeium-language-server
  unleash-client-spec: 4.3.1
  unleash-instanceid: john-server-node
  accept-encoding: gzip
────────────────────────────────────────────────────────────────────────────────
RESP HEADERS:

================================================================================
[0184] 17:51:23.682  GET https://unleash.codeium.com/api/client/features  → 502  (60033ms)
────────────────────────────────────────────────────────────────────────────────
REQ HEADERS:
  host: unleash.codeium.com
  connection: keep-alive
  accept: */*
  user-agent: codeium-language-server
  authorization: *:production.ead56b5...
  unleash-appname: codeium-language-server
  unleash-client-spec: 4.3.1
  unleash-instanceid: john-server-node
  accept-encoding: gzip
────────────────────────────────────────────────────────────────────────────────
RESP HEADERS:

================================================================================
[0185] 17:51:23.689  GET https://unleash.codeium.com/api/client/features  → 502  (60030ms)
────────────────────────────────────────────────────────────────────────────────
REQ HEADERS:
  host: unleash.codeium.com
  connection: keep-alive
  accept: */*
  user-agent: codeium-language-server
  authorization: *:production.ead56b5...
  unleash-appname: codeium-language-server
  unleash-client-spec: 4.3.1
  unleash-instanceid: john-server-node
  accept-encoding: gzip
────────────────────────────────────────────────────────────────────────────────
RESP HEADERS:

================================================================================
[0186] 17:51:23.696  GET https://unleash.codeium.com/api/client/features  → 502  (60031ms)
────────────────────────────────────────────────────────────────────────────────
REQ HEADERS:
  host: unleash.codeium.com
  connection: keep-alive
  accept: */*
  user-agent: codeium-language-server
  authorization: *:production.ead56b5...
  unleash-appname: codeium-language-server
  unleash-client-spec: 4.3.1
  unleash-instanceid: john-server-node
  accept-encoding: gzip
────────────────────────────────────────────────────────────────────────────────
RESP HEADERS:

================================================================================
[0187] 17:51:23.704  GET https://unleash.codeium.com/api/client/features  → 502  (60032ms)
────────────────────────────────────────────────────────────────────────────────
REQ HEADERS:
  host: unleash.codeium.com
  connection: keep-alive
  accept: */*
  user-agent: codeium-language-server
  authorization: *:production.ead56b5...
  unleash-appname: codeium-language-server
  unleash-client-spec: 4.3.1
  unleash-instanceid: john-server-node
  accept-encoding: gzip
────────────────────────────────────────────────────────────────────────────────
RESP HEADERS:

================================================================================
[0188] 17:51:23.712  GET https://unleash.codeium.com/api/client/features  → 502  (60035ms)
────────────────────────────────────────────────────────────────────────────────
REQ HEADERS:
  host: unleash.codeium.com
  connection: keep-alive
  accept: */*
  user-agent: codeium-language-server
  authorization: *:production.ead56b5...
  unleash-appname: codeium-language-server
  unleash-client-spec: 4.3.1
  unleash-instanceid: john-server-node
  accept-encoding: gzip
────────────────────────────────────────────────────────────────────────────────
RESP HEADERS:

================================================================================
[0189] 17:51:23.720  GET https://unleash.codeium.com/api/client/features  → 502  (60037ms)
────────────────────────────────────────────────────────────────────────────────
REQ HEADERS:
  host: unleash.codeium.com
  connection: keep-alive
  accept: */*
  user-agent: codeium-language-server
  authorization: *:production.ead56b5...
  unleash-appname: codeium-language-server
  unleash-client-spec: 4.3.1
  unleash-instanceid: john-server-node
  accept-encoding: gzip
────────────────────────────────────────────────────────────────────────────────
RESP HEADERS:

================================================================================
[0190] 17:51:23.726  GET https://unleash.codeium.com/api/client/features  → 502  (60036ms)
────────────────────────────────────────────────────────────────────────────────
REQ HEADERS:
  host: unleash.codeium.com
  connection: keep-alive
  accept: */*
  user-agent: codeium-language-server
  authorization: *:production.ead56b5...
  unleash-appname: codeium-language-server
  unleash-client-spec: 4.3.1
  unleash-instanceid: john-server-node
  accept-encoding: gzip
────────────────────────────────────────────────────────────────────────────────
RESP HEADERS:

================================================================================
[0191] 17:51:23.733  GET https://unleash.codeium.com/api/client/features  → 502  (60037ms)
────────────────────────────────────────────────────────────────────────────────
REQ HEADERS:
  host: unleash.codeium.com
  connection: keep-alive
  accept: */*
  user-agent: codeium-language-server
  authorization: *:production.ead56b5...
  unleash-appname: codeium-language-server
  unleash-client-spec: 4.3.1
  unleash-instanceid: john-server-node
  accept-encoding: gzip
────────────────────────────────────────────────────────────────────────────────
RESP HEADERS:

================================================================================
[0192] 17:51:23.745  GET https://unleash.codeium.com/api/client/features  → 502  (60042ms)
────────────────────────────────────────────────────────────────────────────────
REQ HEADERS:
  host: unleash.codeium.com
  connection: keep-alive
  accept: */*
  user-agent: codeium-language-server
  authorization: *:production.ead56b5...
  unleash-appname: codeium-language-server
  unleash-client-spec: 4.3.1
  unleash-instanceid: john-server-node
  accept-encoding: gzip
────────────────────────────────────────────────────────────────────────────────
RESP HEADERS:

================================================================================
[0193] 17:51:23.751  GET https://unleash.codeium.com/api/client/features  → 502  (60040ms)
────────────────────────────────────────────────────────────────────────────────
REQ HEADERS:
  host: unleash.codeium.com
  connection: keep-alive
  accept: */*
  user-agent: codeium-language-server
  authorization: *:production.ead56b5...
  unleash-appname: codeium-language-server
  unleash-client-spec: 4.3.1
  unleash-instanceid: john-server-node
  accept-encoding: gzip
────────────────────────────────────────────────────────────────────────────────
RESP HEADERS:

================================================================================
[0194] 17:51:23.760  GET https://unleash.codeium.com/api/client/features  → 502  (60037ms)
────────────────────────────────────────────────────────────────────────────────
REQ HEADERS:
  host: unleash.codeium.com
  connection: keep-alive
  accept: */*
  user-agent: codeium-language-server
  authorization: *:production.ead56b5...
  unleash-appname: codeium-language-server
  unleash-client-spec: 4.3.1
  unleash-instanceid: john-server-node
  accept-encoding: gzip
────────────────────────────────────────────────────────────────────────────────
RESP HEADERS:

================================================================================
[0195] 17:51:23.767  GET https://unleash.codeium.com/api/client/features  → 502  (60038ms)
────────────────────────────────────────────────────────────────────────────────
REQ HEADERS:
  host: unleash.codeium.com
  connection: keep-alive
  accept: */*
  user-agent: codeium-language-server
  authorization: *:production.ead56b5...
  unleash-appname: codeium-language-server
  unleash-client-spec: 4.3.1
  unleash-instanceid: john-server-node
  accept-encoding: gzip
────────────────────────────────────────────────────────────────────────────────
RESP HEADERS:

================================================================================
[0196] 17:51:23.775  GET https://unleash.codeium.com/api/client/features  → 502  (60040ms)
────────────────────────────────────────────────────────────────────────────────
REQ HEADERS:
  host: unleash.codeium.com
  connection: keep-alive
  accept: */*
  user-agent: codeium-language-server
  authorization: *:production.ead56b5...
  unleash-appname: codeium-language-server
  unleash-client-spec: 4.3.1
  unleash-instanceid: john-server-node
  accept-encoding: gzip
────────────────────────────────────────────────────────────────────────────────
RESP HEADERS:

================================================================================
[0197] 17:51:23.785  GET https://unleash.codeium.com/api/client/features  → 502  (60036ms)
────────────────────────────────────────────────────────────────────────────────
REQ HEADERS:
  host: unleash.codeium.com
  connection: keep-alive
  accept: */*
  user-agent: codeium-language-server
  authorization: *:production.ead56b5...
  unleash-appname: codeium-language-server
  unleash-client-spec: 4.3.1
  unleash-instanceid: john-server-node
  accept-encoding: gzip
────────────────────────────────────────────────────────────────────────────────
RESP HEADERS:

================================================================================
[0198] 17:51:23.793  GET https://unleash.codeium.com/api/client/features  → 502  (60035ms)
────────────────────────────────────────────────────────────────────────────────
REQ HEADERS:
  host: unleash.codeium.com
  connection: keep-alive
  accept: */*
  user-agent: codeium-language-server
  authorization: *:production.ead56b5...
  unleash-appname: codeium-language-server
  unleash-client-spec: 4.3.1
  unleash-instanceid: john-server-node
  accept-encoding: gzip
────────────────────────────────────────────────────────────────────────────────
RESP HEADERS:

================================================================================
[0199] 17:51:23.797  GET https://unleash.codeium.com/api/client/features  → 502  (60031ms)
────────────────────────────────────────────────────────────────────────────────
REQ HEADERS:
  host: unleash.codeium.com
  connection: keep-alive
  accept: */*
  user-agent: codeium-language-server
  authorization: *:production.ead56b5...
  unleash-appname: codeium-language-server
  unleash-client-spec: 4.3.1
  unleash-instanceid: john-server-node
  accept-encoding: gzip
────────────────────────────────────────────────────────────────────────────────
RESP HEADERS:

================================================================================
[0200] 17:51:23.824  GET https://unleash.codeium.com/api/client/features  → 502  (60043ms)
────────────────────────────────────────────────────────────────────────────────
REQ HEADERS:
  host: unleash.codeium.com
  connection: keep-alive
  accept: */*
  user-agent: codeium-language-server
  authorization: *:production.ead56b5...
  unleash-appname: codeium-language-server
  unleash-client-spec: 4.3.1
  unleash-instanceid: john-server-node
  accept-encoding: gzip
────────────────────────────────────────────────────────────────────────────────
RESP HEADERS:

================================================================================
[0201] 17:52:22.780  GET https://unleash.codeium.com/api/client/features  → 502  (118981ms)
────────────────────────────────────────────────────────────────────────────────
REQ HEADERS:
  host: unleash.codeium.com
  connection: keep-alive
  accept: */*
  user-agent: codeium-language-server
  authorization: *:production.ead56b5...
  unleash-appname: codeium-language-server
  unleash-client-spec: 4.3.1
  unleash-instanceid: john-server-node
  accept-encoding: gzip
────────────────────────────────────────────────────────────────────────────────
RESP HEADERS:

================================================================================
[0202] 17:52:22.783  POST https://server.self-serve.windsurf.com/exa.seat_management_pb.SeatManagementService/GetUserStatus  → 502  (59106ms)
────────────────────────────────────────────────────────────────────────────────
REQ HEADERS:
  host: server.self-serve.windsurf.com
  connection: keep-alive
  accept: */*
  user-agent: connect-go/1.18.1 (go1.26.1)
  accept-encoding: gzip
  connect-protocol-version: 1
  connect-timeout-ms: 4999
  content-type: application/proto
  content-length: 495

REQ BODY (495 bytes):

�
windsurf-next1.48.2�devin-session-token$eyJhbGciOiJIUzI1NiIsInR5cCI6IkpXVCJ9.eyJzZXNzaW9uX2lkIjoid2luZHN1cmYtc2Vzc2lvbi1kNzk3YTBlMjhmMmM0ZDEwYjUwNzExODQyZDhjNjFiNiJ9.KwRzyD6mjtVcGhcXl4552yAasQHh_hF0dtXTlJdAQhc"en*linux:2.0.1061HR$cd6af051-683f-4d74-ae91-a784b9371001bwindsurf-next�:/usr/share/windsurf-next/resources/app/extensions/windsurf��ae4eb2dcd298f91d5c7ac8f5d91d4c1941f0067a9f0fcc42190d45350c88a0b7c39c3c62f0f48b8c65a2bfb3c76080a778d6aa91c335a3b24773ae213a2da9ba�Unset
────────────────────────────────────────────────────────────────────────────────
RESP HEADERS:

RESP BODY (30 bytes):
All connection attempts failed

================================================================================
[0203] 17:52:22.792  POST https://server.self-serve.windsurf.com/exa.seat_management_pb.SeatManagementService/GetUserStatus  → 502  (59371ms)
────────────────────────────────────────────────────────────────────────────────
REQ HEADERS:
  host: server.self-serve.windsurf.com
  connection: keep-alive
  accept: */*
  user-agent: connect-go/1.18.1 (go1.26.1)
  accept-encoding: gzip
  connect-protocol-version: 1
  connect-timeout-ms: 4999
  content-type: application/proto
  content-length: 495

REQ BODY (495 bytes):

�
windsurf-next1.48.2�devin-session-token$eyJhbGciOiJIUzI1NiIsInR5cCI6IkpXVCJ9.eyJzZXNzaW9uX2lkIjoid2luZHN1cmYtc2Vzc2lvbi1kNzk3YTBlMjhmMmM0ZDEwYjUwNzExODQyZDhjNjFiNiJ9.KwRzyD6mjtVcGhcXl4552yAasQHh_hF0dtXTlJdAQhc"en*linux:2.0.1061HR$cd6af051-683f-4d74-ae91-a784b9371001bwindsurf-next�:/usr/share/windsurf-next/resources/app/extensions/windsurf��ae4eb2dcd298f91d5c7ac8f5d91d4c1941f0067a9f0fcc42190d45350c88a0b7c39c3c62f0f48b8c65a2bfb3c76080a778d6aa91c335a3b24773ae213a2da9ba�Unset
────────────────────────────────────────────────────────────────────────────────
RESP HEADERS:
  date: Mon, 20 Apr 2026 16:51:23 GMT
  server: uvicorn
  content-length: 30

RESP BODY (30 bytes):
All connection attempts failed

================================================================================
[0204] 17:52:22.797  POST https://server.self-serve.windsurf.com/exa.seat_management_pb.SeatManagementService/GetUserStatus  → 502  (59119ms)
────────────────────────────────────────────────────────────────────────────────
REQ HEADERS:
  host: server.self-serve.windsurf.com
  connection: keep-alive
  accept: */*
  user-agent: connect-go/1.18.1 (go1.26.1)
  accept-encoding: gzip
  connect-protocol-version: 1
  connect-timeout-ms: 4999
  content-type: application/proto
  content-length: 495

REQ BODY (495 bytes):

�
windsurf-next1.48.2�devin-session-token$eyJhbGciOiJIUzI1NiIsInR5cCI6IkpXVCJ9.eyJzZXNzaW9uX2lkIjoid2luZHN1cmYtc2Vzc2lvbi1kNzk3YTBlMjhmMmM0ZDEwYjUwNzExODQyZDhjNjFiNiJ9.KwRzyD6mjtVcGhcXl4552yAasQHh_hF0dtXTlJdAQhc"en*linux:2.0.1061HR$cd6af051-683f-4d74-ae91-a784b9371001bwindsurf-next�:/usr/share/windsurf-next/resources/app/extensions/windsurf��ae4eb2dcd298f91d5c7ac8f5d91d4c1941f0067a9f0fcc42190d45350c88a0b7c39c3c62f0f48b8c65a2bfb3c76080a778d6aa91c335a3b24773ae213a2da9ba�Unset
────────────────────────────────────────────────────────────────────────────────
RESP HEADERS:

RESP BODY (30 bytes):
All connection attempts failed

================================================================================
[0205] 17:52:22.800  GET https://unleash.codeium.com/api/client/features  → 502  (109096ms)
────────────────────────────────────────────────────────────────────────────────
REQ HEADERS:
  host: unleash.codeium.com
  user-agent: codeium-language-server
  authorization: *:production.ead56b5...
  unleash-appname: codeium-language-server
  unleash-client-spec: 4.3.1
  unleash-instanceid: john-server-node
  accept-encoding: gzip
────────────────────────────────────────────────────────────────────────────────
RESP HEADERS:

================================================================================
[0206] 17:52:22.804  POST https://server.self-serve.windsurf.com/exa.seat_management_pb.SeatManagementService/GetUserStatus  → 502  (59952ms)
────────────────────────────────────────────────────────────────────────────────
REQ HEADERS:
  host: server.self-serve.windsurf.com
  accept: */*
  connection: keep-alive
  user-agent: connect-go/1.18.1 (go1.26.1)
  accept-encoding: gzip
  connect-protocol-version: 1
  connect-timeout-ms: 4999
  content-type: application/proto
  content-length: 495

REQ BODY (495 bytes):

�
windsurf-next1.48.2�devin-session-token$eyJhbGciOiJIUzI1NiIsInR5cCI6IkpXVCJ9.eyJzZXNzaW9uX2lkIjoid2luZHN1cmYtc2Vzc2lvbi1kNzk3YTBlMjhmMmM0ZDEwYjUwNzExODQyZDhjNjFiNiJ9.KwRzyD6mjtVcGhcXl4552yAasQHh_hF0dtXTlJdAQhc"en*linux:2.0.1061HR$cd6af051-683f-4d74-ae91-a784b9371001bwindsurf-next�:/usr/share/windsurf-next/resources/app/extensions/windsurf��ae4eb2dcd298f91d5c7ac8f5d91d4c1941f0067a9f0fcc42190d45350c88a0b7c39c3c62f0f48b8c65a2bfb3c76080a778d6aa91c335a3b24773ae213a2da9ba�Unset
────────────────────────────────────────────────────────────────────────────────
RESP HEADERS:
  date: Mon, 20 Apr 2026 16:51:22 GMT, Mon, 20 Apr 2026 16:51:23 GMT
  server: uvicorn, uvicorn
  content-length: 30

RESP BODY (30 bytes):
All connection attempts failed

================================================================================
[0207] 17:52:22.808  POST https://server.self-serve.windsurf.com/exa.seat_management_pb.SeatManagementService/GetUserStatus  → 502  (59117ms)
────────────────────────────────────────────────────────────────────────────────
REQ HEADERS:
  host: server.self-serve.windsurf.com
  connection: keep-alive
  accept: */*
  user-agent: connect-go/1.18.1 (go1.26.1)
  accept-encoding: gzip
  connect-protocol-version: 1
  connect-timeout-ms: 4999
  content-type: application/proto
  content-length: 495

REQ BODY (495 bytes):

�
windsurf-next1.48.2�devin-session-token$eyJhbGciOiJIUzI1NiIsInR5cCI6IkpXVCJ9.eyJzZXNzaW9uX2lkIjoid2luZHN1cmYtc2Vzc2lvbi1kNzk3YTBlMjhmMmM0ZDEwYjUwNzExODQyZDhjNjFiNiJ9.KwRzyD6mjtVcGhcXl4552yAasQHh_hF0dtXTlJdAQhc"en*linux:2.0.1061HR$cd6af051-683f-4d74-ae91-a784b9371001bwindsurf-next�:/usr/share/windsurf-next/resources/app/extensions/windsurf��ae4eb2dcd298f91d5c7ac8f5d91d4c1941f0067a9f0fcc42190d45350c88a0b7c39c3c62f0f48b8c65a2bfb3c76080a778d6aa91c335a3b24773ae213a2da9ba�Unset
────────────────────────────────────────────────────────────────────────────────
RESP HEADERS:

RESP BODY (30 bytes):
All connection attempts failed

================================================================================
[0208] 17:52:22.811  POST https://server.self-serve.windsurf.com/exa.seat_management_pb.SeatManagementService/GetUserStatus  → 502  (59382ms)
────────────────────────────────────────────────────────────────────────────────
REQ HEADERS:
  host: server.self-serve.windsurf.com
  connection: keep-alive
  accept: */*
  user-agent: connect-go/1.18.1 (go1.26.1)
  accept-encoding: gzip
  connect-protocol-version: 1
  connect-timeout-ms: 4999
  content-type: application/proto
  content-length: 495

REQ BODY (495 bytes):

�
windsurf-next1.48.2�devin-session-token$eyJhbGciOiJIUzI1NiIsInR5cCI6IkpXVCJ9.eyJzZXNzaW9uX2lkIjoid2luZHN1cmYtc2Vzc2lvbi1kNzk3YTBlMjhmMmM0ZDEwYjUwNzExODQyZDhjNjFiNiJ9.KwRzyD6mjtVcGhcXl4552yAasQHh_hF0dtXTlJdAQhc"en*linux:2.0.1061HR$cd6af051-683f-4d74-ae91-a784b9371001bwindsurf-next�:/usr/share/windsurf-next/resources/app/extensions/windsurf��ae4eb2dcd298f91d5c7ac8f5d91d4c1941f0067a9f0fcc42190d45350c88a0b7c39c3c62f0f48b8c65a2bfb3c76080a778d6aa91c335a3b24773ae213a2da9ba�Unset
────────────────────────────────────────────────────────────────────────────────
RESP HEADERS:
  date: Mon, 20 Apr 2026 16:51:23 GMT
  server: uvicorn
  content-length: 30

RESP BODY (30 bytes):
All connection attempts failed

================================================================================
[0209] 17:52:22.813  POST https://unleash.codeium.com/api/client/register  → 502  (109108ms)
────────────────────────────────────────────────────────────────────────────────
REQ HEADERS:
  host: unleash.codeium.com
  user-agent: codeium-language-server
  content-length: 432
  authorization: *:production.ead56b5...
  content-type: application/json
  unleash-appname: codeium-language-server
  unleash-instanceid: john-server-node
  accept-encoding: gzip

REQ BODY (432 bytes):
{"appName":"codeium-language-server","instanceId":"john-server-node","sdkVersion":"unleash-client-go:4.1.4","strategies":["default","applicationHostname","gradualRolloutRandom","gradualRolloutSessionId","gradualRolloutUserId","remoteAddress","userWithId","flexibleRollout"],"started":"2026-04-20T17:50:33.688096714+01:00","interval":60,"platformVersion":"go1.26.1","platformName":"go","yggdrasilVersion":null,"specVersion":"4.3.1"}

────────────────────────────────────────────────────────────────────────────────
RESP HEADERS:

================================================================================
[0210] 17:52:22.816  POST https://server.self-serve.windsurf.com/exa.seat_management_pb.SeatManagementService/GetUserStatus  → 502  (106568ms)
────────────────────────────────────────────────────────────────────────────────
REQ HEADERS:
  host: server.self-serve.windsurf.com
  user-agent: connect-go/1.18.1 (go1.26.1)
  content-length: 495
  accept-encoding: gzip
  connect-protocol-version: 1
  connect-timeout-ms: 4999
  content-type: application/proto

REQ BODY (495 bytes):

�
windsurf-next1.48.2�devin-session-token$eyJhbGciOiJIUzI1NiIsInR5cCI6IkpXVCJ9.eyJzZXNzaW9uX2lkIjoid2luZHN1cmYtc2Vzc2lvbi1kNzk3YTBlMjhmMmM0ZDEwYjUwNzExODQyZDhjNjFiNiJ9.KwRzyD6mjtVcGhcXl4552yAasQHh_hF0dtXTlJdAQhc"en*linux:2.0.1061HR$cd6af051-683f-4d74-ae91-a784b9371001bwindsurf-next�:/usr/share/windsurf-next/resources/app/extensions/windsurf��ae4eb2dcd298f91d5c7ac8f5d91d4c1941f0067a9f0fcc42190d45350c88a0b7c39c3c62f0f48b8c65a2bfb3c76080a778d6aa91c335a3b24773ae213a2da9ba�Unset
────────────────────────────────────────────────────────────────────────────────
RESP HEADERS:
  date: Mon, 20 Apr 2026 16:51:22 GMT, Mon, 20 Apr 2026 16:51:22 GMT, Mon, 20 Apr 2026 16:51:23 GMT
  server: uvicorn, uvicorn, uvicorn
  content-length: 30

RESP BODY (30 bytes):
All connection attempts failed

================================================================================
[0211] 17:52:22.822  POST https://server.self-serve.windsurf.com/exa.seat_management_pb.SeatManagementService/GetUserStatus  → 502  (59117ms)
────────────────────────────────────────────────────────────────────────────────
REQ HEADERS:
  host: server.self-serve.windsurf.com
  connection: keep-alive
  accept: */*
  user-agent: connect-go/1.18.1 (go1.26.1)
  accept-encoding: gzip
  connect-protocol-version: 1
  connect-timeout-ms: 4999
  content-type: application/proto
  content-length: 495

REQ BODY (495 bytes):

�
windsurf-next1.48.2�devin-session-token$eyJhbGciOiJIUzI1NiIsInR5cCI6IkpXVCJ9.eyJzZXNzaW9uX2lkIjoid2luZHN1cmYtc2Vzc2lvbi1kNzk3YTBlMjhmMmM0ZDEwYjUwNzExODQyZDhjNjFiNiJ9.KwRzyD6mjtVcGhcXl4552yAasQHh_hF0dtXTlJdAQhc"en*linux:2.0.1061HR$cd6af051-683f-4d74-ae91-a784b9371001bwindsurf-next�:/usr/share/windsurf-next/resources/app/extensions/windsurf��ae4eb2dcd298f91d5c7ac8f5d91d4c1941f0067a9f0fcc42190d45350c88a0b7c39c3c62f0f48b8c65a2bfb3c76080a778d6aa91c335a3b24773ae213a2da9ba�Unset
────────────────────────────────────────────────────────────────────────────────
RESP HEADERS:

RESP BODY (30 bytes):
All connection attempts failed

================================================================================
[0212] 17:52:22.825  POST https://server.self-serve.windsurf.com/exa.seat_management_pb.SeatManagementService/GetUserStatus  → 502  (59117ms)
────────────────────────────────────────────────────────────────────────────────
REQ HEADERS:
  host: server.self-serve.windsurf.com
  connection: keep-alive
  accept: */*
  user-agent: connect-go/1.18.1 (go1.26.1)
  accept-encoding: gzip
  connect-protocol-version: 1
  connect-timeout-ms: 4999
  content-type: application/proto
  content-length: 495

REQ BODY (495 bytes):

�
windsurf-next1.48.2�devin-session-token$eyJhbGciOiJIUzI1NiIsInR5cCI6IkpXVCJ9.eyJzZXNzaW9uX2lkIjoid2luZHN1cmYtc2Vzc2lvbi1kNzk3YTBlMjhmMmM0ZDEwYjUwNzExODQyZDhjNjFiNiJ9.KwRzyD6mjtVcGhcXl4552yAasQHh_hF0dtXTlJdAQhc"en*linux:2.0.1061HR$cd6af051-683f-4d74-ae91-a784b9371001bwindsurf-next�:/usr/share/windsurf-next/resources/app/extensions/windsurf��ae4eb2dcd298f91d5c7ac8f5d91d4c1941f0067a9f0fcc42190d45350c88a0b7c39c3c62f0f48b8c65a2bfb3c76080a778d6aa91c335a3b24773ae213a2da9ba�Unset
────────────────────────────────────────────────────────────────────────────────
RESP HEADERS:

RESP BODY (30 bytes):
All connection attempts failed

================================================================================
[0213] 17:52:22.828  POST https://server.self-serve.windsurf.com/exa.auth_pb.AuthService/GetUserJwt  → 502  (59106ms)
────────────────────────────────────────────────────────────────────────────────
REQ HEADERS:
  host: server.self-serve.windsurf.com
  connection: keep-alive
  accept: */*
  user-agent: connect-go/1.18.1 (go1.26.1)
  accept-encoding: gzip
  connect-protocol-version: 1
  connect-timeout-ms: 9999
  content-type: application/proto
  content-length: 253

REQ BODY (253 bytes):

�
windsurf-next1.48.2�devin-session-token$eyJhbGciOiJIUzI1NiIsInR5cCI6IkpXVCJ9.eyJzZXNzaW9uX2lkIjoid2luZHN1cmYtc2Vzc2lvbi1kNzk3YTBlMjhmMmM0ZDEwYjUwNzExODQyZDhjNjFiNiJ9.KwRzyD6mjtVcGhcXl4552yAasQHh_hF0dtXTlJdAQhc"en:2.0.1061bwindsurf-next� 
────────────────────────────────────────────────────────────────────────────────
RESP HEADERS:

RESP BODY (30 bytes):
All connection attempts failed

================================================================================
[0214] 17:52:22.829  POST https://server.self-serve.windsurf.com/exa.seat_management_pb.SeatManagementService/GetUserStatus  → 502  (59388ms)
────────────────────────────────────────────────────────────────────────────────
REQ HEADERS:
  host: server.self-serve.windsurf.com
  connection: keep-alive
  accept: */*
  user-agent: connect-go/1.18.1 (go1.26.1)
  accept-encoding: gzip
  connect-protocol-version: 1
  connect-timeout-ms: 4999
  content-type: application/proto
  content-length: 495

REQ BODY (495 bytes):

�
windsurf-next1.48.2�devin-session-token$eyJhbGciOiJIUzI1NiIsInR5cCI6IkpXVCJ9.eyJzZXNzaW9uX2lkIjoid2luZHN1cmYtc2Vzc2lvbi1kNzk3YTBlMjhmMmM0ZDEwYjUwNzExODQyZDhjNjFiNiJ9.KwRzyD6mjtVcGhcXl4552yAasQHh_hF0dtXTlJdAQhc"en*linux:2.0.1061HR$cd6af051-683f-4d74-ae91-a784b9371001bwindsurf-next�:/usr/share/windsurf-next/resources/app/extensions/windsurf��ae4eb2dcd298f91d5c7ac8f5d91d4c1941f0067a9f0fcc42190d45350c88a0b7c39c3c62f0f48b8c65a2bfb3c76080a778d6aa91c335a3b24773ae213a2da9ba�Unset
────────────────────────────────────────────────────────────────────────────────
RESP HEADERS:
  date: Mon, 20 Apr 2026 16:51:23 GMT
  server: uvicorn
  content-length: 30

RESP BODY (30 bytes):
All connection attempts failed

================================================================================
[0215] 17:52:22.831  POST https://server.self-serve.windsurf.com/exa.seat_management_pb.SeatManagementService/GetUserStatus  → 502  (106879ms)
────────────────────────────────────────────────────────────────────────────────
REQ HEADERS:
  host: server.self-serve.windsurf.com
  user-agent: connect-go/1.18.1 (go1.26.1)
  content-length: 495
  accept-encoding: gzip
  connect-protocol-version: 1
  connect-timeout-ms: 4999
  content-type: application/proto

REQ BODY (495 bytes):

�
windsurf-next1.48.2�devin-session-token$eyJhbGciOiJIUzI1NiIsInR5cCI6IkpXVCJ9.eyJzZXNzaW9uX2lkIjoid2luZHN1cmYtc2Vzc2lvbi1kNzk3YTBlMjhmMmM0ZDEwYjUwNzExODQyZDhjNjFiNiJ9.KwRzyD6mjtVcGhcXl4552yAasQHh_hF0dtXTlJdAQhc"en*linux:2.0.1061HR$cd6af051-683f-4d74-ae91-a784b9371001bwindsurf-next�:/usr/share/windsurf-next/resources/app/extensions/windsurf��ae4eb2dcd298f91d5c7ac8f5d91d4c1941f0067a9f0fcc42190d45350c88a0b7c39c3c62f0f48b8c65a2bfb3c76080a778d6aa91c335a3b24773ae213a2da9ba�Unset
────────────────────────────────────────────────────────────────────────────────
RESP HEADERS:

================================================================================
[0216] 17:52:22.834  POST https://server.self-serve.windsurf.com/exa.seat_management_pb.SeatManagementService/GetUserStatus  → 502  (59961ms)
────────────────────────────────────────────────────────────────────────────────
REQ HEADERS:
  host: server.self-serve.windsurf.com
  accept: */*
  connection: keep-alive
  user-agent: connect-go/1.18.1 (go1.26.1)
  accept-encoding: gzip
  connect-protocol-version: 1
  connect-timeout-ms: 4999
  content-type: application/proto
  content-length: 495

REQ BODY (495 bytes):

�
windsurf-next1.48.2�devin-session-token$eyJhbGciOiJIUzI1NiIsInR5cCI6IkpXVCJ9.eyJzZXNzaW9uX2lkIjoid2luZHN1cmYtc2Vzc2lvbi1kNzk3YTBlMjhmMmM0ZDEwYjUwNzExODQyZDhjNjFiNiJ9.KwRzyD6mjtVcGhcXl4552yAasQHh_hF0dtXTlJdAQhc"en*linux:2.0.1061HR$cd6af051-683f-4d74-ae91-a784b9371001bwindsurf-next�:/usr/share/windsurf-next/resources/app/extensions/windsurf��ae4eb2dcd298f91d5c7ac8f5d91d4c1941f0067a9f0fcc42190d45350c88a0b7c39c3c62f0f48b8c65a2bfb3c76080a778d6aa91c335a3b24773ae213a2da9ba�Unset
────────────────────────────────────────────────────────────────────────────────
RESP HEADERS:
  date: Mon, 20 Apr 2026 16:51:22 GMT, Mon, 20 Apr 2026 16:51:23 GMT
  server: uvicorn, uvicorn
  content-length: 30

RESP BODY (30 bytes):
All connection attempts failed

================================================================================
[0217] 17:52:22.839  POST https://server.self-serve.windsurf.com/exa.seat_management_pb.SeatManagementService/GetUserStatus  → 502  (59112ms)
────────────────────────────────────────────────────────────────────────────────
REQ HEADERS:
  host: server.self-serve.windsurf.com
  connection: keep-alive
  accept: */*
  user-agent: connect-go/1.18.1 (go1.26.1)
  accept-encoding: gzip
  connect-protocol-version: 1
  connect-timeout-ms: 4999
  content-type: application/proto
  content-length: 253

REQ BODY (253 bytes):

�
windsurf-next1.48.2�devin-session-token$eyJhbGciOiJIUzI1NiIsInR5cCI6IkpXVCJ9.eyJzZXNzaW9uX2lkIjoid2luZHN1cmYtc2Vzc2lvbi1kNzk3YTBlMjhmMmM0ZDEwYjUwNzExODQyZDhjNjFiNiJ9.KwRzyD6mjtVcGhcXl4552yAasQHh_hF0dtXTlJdAQhc"en:2.0.1061bwindsurf-next� 
────────────────────────────────────────────────────────────────────────────────
RESP HEADERS:

RESP BODY (30 bytes):
All connection attempts failed

================================================================================
[0218] 17:52:22.841  POST https://server.self-serve.windsurf.com/exa.seat_management_pb.SeatManagementService/GetUserStatus  → 502  (59106ms)
────────────────────────────────────────────────────────────────────────────────
REQ HEADERS:
  host: server.self-serve.windsurf.com
  connection: keep-alive
  accept: */*
  user-agent: connect-go/1.18.1 (go1.26.1)
  accept-encoding: gzip
  connect-protocol-version: 1
  connect-timeout-ms: 4999
  content-type: application/proto
  content-length: 495

REQ BODY (495 bytes):

�
windsurf-next1.48.2�devin-session-token$eyJhbGciOiJIUzI1NiIsInR5cCI6IkpXVCJ9.eyJzZXNzaW9uX2lkIjoid2luZHN1cmYtc2Vzc2lvbi1kNzk3YTBlMjhmMmM0ZDEwYjUwNzExODQyZDhjNjFiNiJ9.KwRzyD6mjtVcGhcXl4552yAasQHh_hF0dtXTlJdAQhc"en*linux:2.0.1061HR$cd6af051-683f-4d74-ae91-a784b9371001bwindsurf-next�:/usr/share/windsurf-next/resources/app/extensions/windsurf��ae4eb2dcd298f91d5c7ac8f5d91d4c1941f0067a9f0fcc42190d45350c88a0b7c39c3c62f0f48b8c65a2bfb3c76080a778d6aa91c335a3b24773ae213a2da9ba�Unset
────────────────────────────────────────────────────────────────────────────────
RESP HEADERS:

RESP BODY (30 bytes):
All connection attempts failed

================================================================================
[0219] 17:52:22.850  POST https://server.self-serve.windsurf.com/exa.api_server_pb.ApiServerService/CheckChatCapacity  → 502  (59111ms)
────────────────────────────────────────────────────────────────────────────────
REQ HEADERS:
  host: server.self-serve.windsurf.com
  connection: keep-alive
  accept: */*
  user-agent: connect-go/1.18.1 (go1.26.1)
  accept-encoding: gzip
  connect-protocol-version: 1
  content-encoding: gzip
  content-type: application/proto
  content-length: 1394

REQ BODY (19 bytes):
<binary 1394 bytes>
────────────────────────────────────────────────────────────────────────────────
RESP HEADERS:

RESP BODY (30 bytes):
All connection attempts failed

================================================================================
[0220] 17:52:22.851  POST https://server.self-serve.windsurf.com/exa.seat_management_pb.SeatManagementService/GetUserStatus  → 502  (59100ms)
────────────────────────────────────────────────────────────────────────────────
REQ HEADERS:
  host: server.self-serve.windsurf.com
  connection: keep-alive
  accept: */*
  user-agent: connect-go/1.18.1 (go1.26.1)
  accept-encoding: gzip
  connect-protocol-version: 1
  connect-timeout-ms: 4999
  content-type: application/proto
  content-length: 495

REQ BODY (495 bytes):

�
windsurf-next1.48.2�devin-session-token$eyJhbGciOiJIUzI1NiIsInR5cCI6IkpXVCJ9.eyJzZXNzaW9uX2lkIjoid2luZHN1cmYtc2Vzc2lvbi1kNzk3YTBlMjhmMmM0ZDEwYjUwNzExODQyZDhjNjFiNiJ9.KwRzyD6mjtVcGhcXl4552yAasQHh_hF0dtXTlJdAQhc"en*linux:2.0.1061HR$cd6af051-683f-4d74-ae91-a784b9371001bwindsurf-next�:/usr/share/windsurf-next/resources/app/extensions/windsurf��ae4eb2dcd298f91d5c7ac8f5d91d4c1941f0067a9f0fcc42190d45350c88a0b7c39c3c62f0f48b8c65a2bfb3c76080a778d6aa91c335a3b24773ae213a2da9ba�Unset
────────────────────────────────────────────────────────────────────────────────
RESP HEADERS:

RESP BODY (30 bytes):
All connection attempts failed

================================================================================
[0221] 17:52:22.852  POST https://server.self-serve.windsurf.com/exa.seat_management_pb.SeatManagementService/GetUserStatus  → 502  (59409ms)
────────────────────────────────────────────────────────────────────────────────
REQ HEADERS:
  host: server.self-serve.windsurf.com
  connection: keep-alive
  accept: */*
  user-agent: connect-go/1.18.1 (go1.26.1)
  accept-encoding: gzip
  connect-protocol-version: 1
  connect-timeout-ms: 4999
  content-type: application/proto
  content-length: 495

REQ BODY (495 bytes):

�
windsurf-next1.48.2�devin-session-token$eyJhbGciOiJIUzI1NiIsInR5cCI6IkpXVCJ9.eyJzZXNzaW9uX2lkIjoid2luZHN1cmYtc2Vzc2lvbi1kNzk3YTBlMjhmMmM0ZDEwYjUwNzExODQyZDhjNjFiNiJ9.KwRzyD6mjtVcGhcXl4552yAasQHh_hF0dtXTlJdAQhc"en*linux:2.0.1061HR$cd6af051-683f-4d74-ae91-a784b9371001bwindsurf-next�:/usr/share/windsurf-next/resources/app/extensions/windsurf��ae4eb2dcd298f91d5c7ac8f5d91d4c1941f0067a9f0fcc42190d45350c88a0b7c39c3c62f0f48b8c65a2bfb3c76080a778d6aa91c335a3b24773ae213a2da9ba�Unset
────────────────────────────────────────────────────────────────────────────────
RESP HEADERS:
  date: Mon, 20 Apr 2026 16:51:23 GMT
  server: uvicorn
  content-length: 30

RESP BODY (30 bytes):
All connection attempts failed

================================================================================
[0222] 17:52:22.852  POST https://server.self-serve.windsurf.com/exa.seat_management_pb.SeatManagementService/GetUserStatus  → 502  (59398ms)
────────────────────────────────────────────────────────────────────────────────
REQ HEADERS:
  host: server.self-serve.windsurf.com
  connection: keep-alive
  accept: */*
  user-agent: connect-go/1.18.1 (go1.26.1)
  accept-encoding: gzip
  connect-protocol-version: 1
  connect-timeout-ms: 4999
  content-type: application/proto
  content-length: 495

REQ BODY (495 bytes):

�
windsurf-next1.48.2�devin-session-token$eyJhbGciOiJIUzI1NiIsInR5cCI6IkpXVCJ9.eyJzZXNzaW9uX2lkIjoid2luZHN1cmYtc2Vzc2lvbi1kNzk3YTBlMjhmMmM0ZDEwYjUwNzExODQyZDhjNjFiNiJ9.KwRzyD6mjtVcGhcXl4552yAasQHh_hF0dtXTlJdAQhc"en*linux:2.0.1061HR$cd6af051-683f-4d74-ae91-a784b9371001bwindsurf-next�:/usr/share/windsurf-next/resources/app/extensions/windsurf��ae4eb2dcd298f91d5c7ac8f5d91d4c1941f0067a9f0fcc42190d45350c88a0b7c39c3c62f0f48b8c65a2bfb3c76080a778d6aa91c335a3b24773ae213a2da9ba�Unset
────────────────────────────────────────────────────────────────────────────────
RESP HEADERS:
  date: Mon, 20 Apr 2026 16:51:23 GMT
  server: uvicorn
  content-length: 30

RESP BODY (30 bytes):
All connection attempts failed

================================================================================
[0223] 17:52:22.853  POST https://server.self-serve.windsurf.com/exa.auth_pb.AuthService/GetUserJwt  → 502  (59386ms)
────────────────────────────────────────────────────────────────────────────────
REQ HEADERS:
  host: server.self-serve.windsurf.com
  connection: keep-alive
  accept: */*
  user-agent: connect-go/1.18.1 (go1.26.1)
  accept-encoding: gzip
  connect-protocol-version: 1
  connect-timeout-ms: 9999
  content-type: application/proto
  content-length: 253

REQ BODY (253 bytes):

�
windsurf-next1.48.2�devin-session-token$eyJhbGciOiJIUzI1NiIsInR5cCI6IkpXVCJ9.eyJzZXNzaW9uX2lkIjoid2luZHN1cmYtc2Vzc2lvbi1kNzk3YTBlMjhmMmM0ZDEwYjUwNzExODQyZDhjNjFiNiJ9.KwRzyD6mjtVcGhcXl4552yAasQHh_hF0dtXTlJdAQhc"en:2.0.1061bwindsurf-next� 
────────────────────────────────────────────────────────────────────────────────
RESP HEADERS:
  date: Mon, 20 Apr 2026 16:51:23 GMT
  server: uvicorn
  content-length: 30

RESP BODY (30 bytes):
All connection attempts failed

================================================================================
[0224] 17:52:22.853  POST https://server.self-serve.windsurf.com/exa.seat_management_pb.SeatManagementService/GetUserStatus  → 502  (59967ms)
────────────────────────────────────────────────────────────────────────────────
REQ HEADERS:
  host: server.self-serve.windsurf.com
  accept: */*
  connection: keep-alive
  user-agent: connect-go/1.18.1 (go1.26.1)
  accept-encoding: gzip
  connect-protocol-version: 1
  connect-timeout-ms: 4999
  content-type: application/proto
  content-length: 495

REQ BODY (495 bytes):

�
windsurf-next1.48.2�devin-session-token$eyJhbGciOiJIUzI1NiIsInR5cCI6IkpXVCJ9.eyJzZXNzaW9uX2lkIjoid2luZHN1cmYtc2Vzc2lvbi1kNzk3YTBlMjhmMmM0ZDEwYjUwNzExODQyZDhjNjFiNiJ9.KwRzyD6mjtVcGhcXl4552yAasQHh_hF0dtXTlJdAQhc"en*linux:2.0.1061HR$cd6af051-683f-4d74-ae91-a784b9371001bwindsurf-next�:/usr/share/windsurf-next/resources/app/extensions/windsurf��ae4eb2dcd298f91d5c7ac8f5d91d4c1941f0067a9f0fcc42190d45350c88a0b7c39c3c62f0f48b8c65a2bfb3c76080a778d6aa91c335a3b24773ae213a2da9ba�Unset
────────────────────────────────────────────────────────────────────────────────
RESP HEADERS:
  date: Mon, 20 Apr 2026 16:51:22 GMT, Mon, 20 Apr 2026 16:51:23 GMT
  server: uvicorn, uvicorn
  content-length: 30

RESP BODY (30 bytes):
All connection attempts failed

================================================================================
[0225] 17:52:22.855  POST https://server.self-serve.windsurf.com/exa.api_server_pb.ApiServerService/GetDefaultWorkflowTemplates  → 502  (106900ms)
────────────────────────────────────────────────────────────────────────────────
REQ HEADERS:
  host: server.self-serve.windsurf.com
  user-agent: connect-go/1.18.1 (go1.26.1)
  content-length: 1147
  accept-encoding: gzip
  connect-protocol-version: 1
  connect-timeout-ms: 29999
  content-encoding: gzip
  content-type: application/proto

REQ BODY (1620 bytes):

�
windsurf-next1.48.2�devin-session-token$eyJhbGciOiJIUzI1NiIsInR5cCI6IkpXVCJ9.eyJzZXNzaW9uX2lkIjoid2luZHN1cmYtc2Vzc2lvbi1kNzk3YTBlMjhmMmM0ZDEwYjUwNzExODQyZDhjNjFiNiJ9.KwRzyD6mjtVcGhcXl4552yAasQHh_hF0dtXTlJdAQhc"en*�{"Os":"linux","Arch":"amd64","Release":"6.19.11+deb14-amd64","Version":"#1 SMP PREEMPT_DYNAMIC Debian 6.19.11-1 (2026-04-05)","Machine":"x86_64","Nodename":"server-node","Sysname":"Linux"}:2.0.1061B�{"NumSockets":1,"NumCores":4,"NumThreads":4,"VendorID":"GenuineIntel","Family":"6","Model":"60","ModelName":"Intel(R) Core(TM) i5-4670K CPU @ 3.40GHz","Memory":16250138624}HR$cd6af051-683f-4d74-ae91-a784b9371001bwindsurf-next�:/usr/share/windsurf-next/resources/app/extensions/windsurf��ae4eb2dcd298f91d5c7ac8f5d91d4c1941f0067a9f0fcc42190d45350c88a0b7c39c3c62f0f48b8c65a2bfb3c76080a778d6aa91c335a3b24773ae213a2da9ba�Unset��8f2ce4e90d77a9e5273cdd93f2115a4b706982a75deee75188cfa24b27f683005550cd23930db7183dad6536a3a9bd9fc2fdaf2a191930dbde26a120b8057cffd75893dc7c6219f29026a40825814a8d6f1aea356adf5e38ce1e4506c7d54af4c2305a5df8c5cf10fe4e2f991fba895c55689d742616bac81288ce62a8452e2af8560be9d7f79a739ecd3397dca23db5d3b4e0bc300a300ca1dc83a3686d0faa41c78821bc47e9a55bd18dc1ad0b1e1ea09170c99f8c8824f472a65c30d0bb95b7b17a8fceb1ba21597c45c4c2ed1cc54eaf01d2ffe495e9de9c5e158b57e246ff33b0317b2edc80ee75a9c89e9b2eb6a1a44f7d21680cb29a8b56eaf6905fc4d0c19ef6c0adc505d32d5537340a427d4070fe225ba47905224d1c341c01c830aa858d86f33eaa3ed1b6c1279e8dd3166137c33ec19fa294dccd4c2158214565c93d9f8d8d03bbd7afc5a9407f22600638942108778597f3ba87cc319a2133a19bda36279a1259084f710bbb56132e2219c4d3ae891df1f8ae0937dc72
────────────────────────────────────────────────────────────────────────────────
RESP HEADERS:

================================================================================
[0226] 17:52:22.858  POST https://server.self-serve.windsurf.com/exa.seat_management_pb.SeatManagementService/GetUserStatus  → 502  (105360ms)
────────────────────────────────────────────────────────────────────────────────
REQ HEADERS:
  host: server.self-serve.windsurf.com
  user-agent: connect-go/1.18.1 (go1.26.1)
  content-length: 495
  accept-encoding: gzip
  connect-protocol-version: 1
  connect-timeout-ms: 4999
  content-type: application/proto

REQ BODY (495 bytes):

�
windsurf-next1.48.2�devin-session-token$eyJhbGciOiJIUzI1NiIsInR5cCI6IkpXVCJ9.eyJzZXNzaW9uX2lkIjoid2luZHN1cmYtc2Vzc2lvbi1kNzk3YTBlMjhmMmM0ZDEwYjUwNzExODQyZDhjNjFiNiJ9.KwRzyD6mjtVcGhcXl4552yAasQHh_hF0dtXTlJdAQhc"en*linux:2.0.1061HR$cd6af051-683f-4d74-ae91-a784b9371001bwindsurf-next�:/usr/share/windsurf-next/resources/app/extensions/windsurf��ae4eb2dcd298f91d5c7ac8f5d91d4c1941f0067a9f0fcc42190d45350c88a0b7c39c3c62f0f48b8c65a2bfb3c76080a778d6aa91c335a3b24773ae213a2da9ba�Unset
────────────────────────────────────────────────────────────────────────────────
RESP HEADERS:
  date: Mon, 20 Apr 2026 16:51:22 GMT, Mon, 20 Apr 2026 16:51:22 GMT, Mon, 20 Apr 2026 16:51:23 GMT
  server: uvicorn, uvicorn, uvicorn
  content-length: 30

RESP BODY (30 bytes):
All connection attempts failed

================================================================================
[0227] 17:52:22.863  POST https://server.self-serve.windsurf.com/exa.seat_management_pb.SeatManagementService/GetUserStatus  → 502  (59094ms)
────────────────────────────────────────────────────────────────────────────────
REQ HEADERS:
  host: server.self-serve.windsurf.com
  connection: keep-alive
  accept: */*
  user-agent: connect-go/1.18.1 (go1.26.1)
  accept-encoding: gzip
  connect-protocol-version: 1
  connect-timeout-ms: 4999
  content-type: application/proto
  content-length: 253

REQ BODY (253 bytes):

�
windsurf-next1.48.2�devin-session-token$eyJhbGciOiJIUzI1NiIsInR5cCI6IkpXVCJ9.eyJzZXNzaW9uX2lkIjoid2luZHN1cmYtc2Vzc2lvbi1kNzk3YTBlMjhmMmM0ZDEwYjUwNzExODQyZDhjNjFiNiJ9.KwRzyD6mjtVcGhcXl4552yAasQHh_hF0dtXTlJdAQhc"en:2.0.1061bwindsurf-next� 
────────────────────────────────────────────────────────────────────────────────
RESP HEADERS:

RESP BODY (30 bytes):
All connection attempts failed

================================================================================
[0228] 17:52:22.864  POST https://server.self-serve.windsurf.com/exa.api_server_pb.ApiServerService/Ping  → 502  (106878ms)
────────────────────────────────────────────────────────────────────────────────
REQ HEADERS:
  host: server.self-serve.windsurf.com
  user-agent: connect-go/1.18.1 (go1.26.1)
  content-length: 0
  accept-encoding: gzip
  connect-protocol-version: 1
  content-type: application/proto
────────────────────────────────────────────────────────────────────────────────
RESP HEADERS:

================================================================================
[0229] 17:52:22.873  POST https://server.self-serve.windsurf.com/exa.seat_management_pb.SeatManagementService/GetUserStatus  → 502  (59103ms)
────────────────────────────────────────────────────────────────────────────────
REQ HEADERS:
  host: server.self-serve.windsurf.com
  connection: keep-alive
  accept: */*
  user-agent: connect-go/1.18.1 (go1.26.1)
  accept-encoding: gzip
  connect-protocol-version: 1
  connect-timeout-ms: 4999
  content-type: application/proto
  content-length: 495

REQ BODY (495 bytes):

�
windsurf-next1.48.2�devin-session-token$eyJhbGciOiJIUzI1NiIsInR5cCI6IkpXVCJ9.eyJzZXNzaW9uX2lkIjoid2luZHN1cmYtc2Vzc2lvbi1kNzk3YTBlMjhmMmM0ZDEwYjUwNzExODQyZDhjNjFiNiJ9.KwRzyD6mjtVcGhcXl4552yAasQHh_hF0dtXTlJdAQhc"en*linux:2.0.1061HR$cd6af051-683f-4d74-ae91-a784b9371001bwindsurf-next�:/usr/share/windsurf-next/resources/app/extensions/windsurf��ae4eb2dcd298f91d5c7ac8f5d91d4c1941f0067a9f0fcc42190d45350c88a0b7c39c3c62f0f48b8c65a2bfb3c76080a778d6aa91c335a3b24773ae213a2da9ba�Unset
────────────────────────────────────────────────────────────────────────────────
RESP HEADERS:

RESP BODY (30 bytes):
All connection attempts failed

================================================================================
[0230] 17:52:22.875  POST https://server.self-serve.windsurf.com/exa.auth_pb.AuthService/GetUserJwt  → 502  (59081ms)
────────────────────────────────────────────────────────────────────────────────
REQ HEADERS:
  host: server.self-serve.windsurf.com
  connection: keep-alive
  accept: */*
  user-agent: connect-go/1.18.1 (go1.26.1)
  accept-encoding: gzip
  connect-protocol-version: 1
  connect-timeout-ms: 9999
  content-type: application/proto
  content-length: 253

REQ BODY (253 bytes):

�
windsurf-next1.48.2�devin-session-token$eyJhbGciOiJIUzI1NiIsInR5cCI6IkpXVCJ9.eyJzZXNzaW9uX2lkIjoid2luZHN1cmYtc2Vzc2lvbi1kNzk3YTBlMjhmMmM0ZDEwYjUwNzExODQyZDhjNjFiNiJ9.KwRzyD6mjtVcGhcXl4552yAasQHh_hF0dtXTlJdAQhc"en:2.0.1061bwindsurf-next� 
────────────────────────────────────────────────────────────────────────────────
RESP HEADERS:

RESP BODY (30 bytes):
All connection attempts failed

================================================================================
[0231] 17:52:22.876  POST https://server.self-serve.windsurf.com/exa.seat_management_pb.SeatManagementService/GetUserStatus  → 502  (59078ms)
────────────────────────────────────────────────────────────────────────────────
REQ HEADERS:
  host: server.self-serve.windsurf.com
  connection: keep-alive
  accept: */*
  user-agent: connect-go/1.18.1 (go1.26.1)
  accept-encoding: gzip
  connect-protocol-version: 1
  connect-timeout-ms: 4999
  content-type: application/proto
  content-length: 495

REQ BODY (495 bytes):

�
windsurf-next1.48.2�devin-session-token$eyJhbGciOiJIUzI1NiIsInR5cCI6IkpXVCJ9.eyJzZXNzaW9uX2lkIjoid2luZHN1cmYtc2Vzc2lvbi1kNzk3YTBlMjhmMmM0ZDEwYjUwNzExODQyZDhjNjFiNiJ9.KwRzyD6mjtVcGhcXl4552yAasQHh_hF0dtXTlJdAQhc"en*linux:2.0.1061HR$cd6af051-683f-4d74-ae91-a784b9371001bwindsurf-next�:/usr/share/windsurf-next/resources/app/extensions/windsurf��ae4eb2dcd298f91d5c7ac8f5d91d4c1941f0067a9f0fcc42190d45350c88a0b7c39c3c62f0f48b8c65a2bfb3c76080a778d6aa91c335a3b24773ae213a2da9ba�Unset
────────────────────────────────────────────────────────────────────────────────
RESP HEADERS:

RESP BODY (30 bytes):
All connection attempts failed

================================================================================
[0232] 17:52:22.878  POST https://server.self-serve.windsurf.com/exa.seat_management_pb.SeatManagementService/GetUserStatus  → 502  (59071ms)
────────────────────────────────────────────────────────────────────────────────
REQ HEADERS:
  host: server.self-serve.windsurf.com
  connection: keep-alive
  accept: */*
  user-agent: connect-go/1.18.1 (go1.26.1)
  accept-encoding: gzip
  connect-protocol-version: 1
  connect-timeout-ms: 4999
  content-type: application/proto
  content-length: 253

REQ BODY (253 bytes):

�
windsurf-next1.48.2�devin-session-token$eyJhbGciOiJIUzI1NiIsInR5cCI6IkpXVCJ9.eyJzZXNzaW9uX2lkIjoid2luZHN1cmYtc2Vzc2lvbi1kNzk3YTBlMjhmMmM0ZDEwYjUwNzExODQyZDhjNjFiNiJ9.KwRzyD6mjtVcGhcXl4552yAasQHh_hF0dtXTlJdAQhc"en:2.0.1061bwindsurf-next� 
────────────────────────────────────────────────────────────────────────────────
RESP HEADERS:

RESP BODY (30 bytes):
All connection attempts failed

================================================================================
[0233] 17:52:22.879  POST https://server.self-serve.windsurf.com/exa.seat_management_pb.SeatManagementService/GetUserStatus  → 502  (59062ms)
────────────────────────────────────────────────────────────────────────────────
REQ HEADERS:
  host: server.self-serve.windsurf.com
  connection: keep-alive
  accept: */*
  user-agent: connect-go/1.18.1 (go1.26.1)
  accept-encoding: gzip
  connect-protocol-version: 1
  connect-timeout-ms: 4999
  content-type: application/proto
  content-length: 495

REQ BODY (495 bytes):

�
windsurf-next1.48.2�devin-session-token$eyJhbGciOiJIUzI1NiIsInR5cCI6IkpXVCJ9.eyJzZXNzaW9uX2lkIjoid2luZHN1cmYtc2Vzc2lvbi1kNzk3YTBlMjhmMmM0ZDEwYjUwNzExODQyZDhjNjFiNiJ9.KwRzyD6mjtVcGhcXl4552yAasQHh_hF0dtXTlJdAQhc"en*linux:2.0.1061HR$cd6af051-683f-4d74-ae91-a784b9371001bwindsurf-next�:/usr/share/windsurf-next/resources/app/extensions/windsurf��ae4eb2dcd298f91d5c7ac8f5d91d4c1941f0067a9f0fcc42190d45350c88a0b7c39c3c62f0f48b8c65a2bfb3c76080a778d6aa91c335a3b24773ae213a2da9ba�Unset
────────────────────────────────────────────────────────────────────────────────
RESP HEADERS:

RESP BODY (30 bytes):
All connection attempts failed

================================================================================
[0234] 17:52:22.880  POST https://server.self-serve.windsurf.com/exa.seat_management_pb.SeatManagementService/GetUserStatus  → 502  (59399ms)
────────────────────────────────────────────────────────────────────────────────
REQ HEADERS:
  host: server.self-serve.windsurf.com
  connection: keep-alive
  accept: */*
  user-agent: connect-go/1.18.1 (go1.26.1)
  accept-encoding: gzip
  connect-protocol-version: 1
  connect-timeout-ms: 4999
  content-type: application/proto
  content-length: 253

REQ BODY (253 bytes):

�
windsurf-next1.48.2�devin-session-token$eyJhbGciOiJIUzI1NiIsInR5cCI6IkpXVCJ9.eyJzZXNzaW9uX2lkIjoid2luZHN1cmYtc2Vzc2lvbi1kNzk3YTBlMjhmMmM0ZDEwYjUwNzExODQyZDhjNjFiNiJ9.KwRzyD6mjtVcGhcXl4552yAasQHh_hF0dtXTlJdAQhc"en:2.0.1061bwindsurf-next� 
────────────────────────────────────────────────────────────────────────────────
RESP HEADERS:
  date: Mon, 20 Apr 2026 16:51:23 GMT
  server: uvicorn
  content-length: 30

RESP BODY (30 bytes):
All connection attempts failed

================================================================================
[0235] 17:52:22.881  POST https://server.self-serve.windsurf.com/exa.seat_management_pb.SeatManagementService/GetUserStatus  → 502  (59390ms)
────────────────────────────────────────────────────────────────────────────────
REQ HEADERS:
  host: server.self-serve.windsurf.com
  connection: keep-alive
  accept: */*
  user-agent: connect-go/1.18.1 (go1.26.1)
  accept-encoding: gzip
  connect-protocol-version: 1
  connect-timeout-ms: 4999
  content-type: application/proto
  content-length: 495

REQ BODY (495 bytes):

�
windsurf-next1.48.2�devin-session-token$eyJhbGciOiJIUzI1NiIsInR5cCI6IkpXVCJ9.eyJzZXNzaW9uX2lkIjoid2luZHN1cmYtc2Vzc2lvbi1kNzk3YTBlMjhmMmM0ZDEwYjUwNzExODQyZDhjNjFiNiJ9.KwRzyD6mjtVcGhcXl4552yAasQHh_hF0dtXTlJdAQhc"en*linux:2.0.1061HR$cd6af051-683f-4d74-ae91-a784b9371001bwindsurf-next�:/usr/share/windsurf-next/resources/app/extensions/windsurf��ae4eb2dcd298f91d5c7ac8f5d91d4c1941f0067a9f0fcc42190d45350c88a0b7c39c3c62f0f48b8c65a2bfb3c76080a778d6aa91c335a3b24773ae213a2da9ba�Unset
────────────────────────────────────────────────────────────────────────────────
RESP HEADERS:
  date: Mon, 20 Apr 2026 16:51:23 GMT
  server: uvicorn
  content-length: 30

RESP BODY (30 bytes):
All connection attempts failed

================================================================================
[0236] 17:52:22.883  POST https://server.self-serve.windsurf.com/exa.product_analytics_pb.ProductAnalyticsService/RecordAnalyticsEvent  → 502  (106892ms)
────────────────────────────────────────────────────────────────────────────────
REQ HEADERS:
  host: server.self-serve.windsurf.com
  user-agent: connect-go/1.18.1 (go1.26.1)
  content-length: 385
  accept-encoding: gzip
  connect-protocol-version: 1
  content-type: application/proto

REQ BODY (385 bytes):

LS_BINARY_STARTUP�devin-session-token$eyJhbGciOiJIUzI1NiIsInR5cCI6IkpXVCJ9.eyJzZXNzaW9uX2lkIjoid2luZHN1cmYtc2Vzc2lvbi1kNzk3YTBlMjhmMmM0ZDEwYjUwNzExODQyZDhjNjFiNiJ9.KwRzyD6mjtVcGhcXl4552yAasQHh_hF0dtXTlJdAQhc"windsurf-next*linux21.48.2:2.0.1061@�b�ae4eb2dcd298f91d5c7ac8f5d91d4c1941f0067a9f0fcc42190d45350c88a0b7c39c3c62f0f48b8c65a2bfb3c76080a778d6aa91c335a3b24773ae213a2da9ba
────────────────────────────────────────────────────────────────────────────────
RESP HEADERS:

================================================================================
[0237] 17:52:22.890  POST https://server.self-serve.windsurf.com/exa.api_server_pb.ApiServerService/CheckChatCapacity  → 502  (59390ms)
────────────────────────────────────────────────────────────────────────────────
REQ HEADERS:
  host: server.self-serve.windsurf.com
  connection: keep-alive
  accept: */*
  user-agent: connect-go/1.18.1 (go1.26.1)
  accept-encoding: gzip
  connect-protocol-version: 1
  content-encoding: gzip
  content-type: application/proto
  content-length: 1394

REQ BODY (19 bytes):
<binary 1394 bytes>
────────────────────────────────────────────────────────────────────────────────
RESP HEADERS:
  date: Mon, 20 Apr 2026 16:51:23 GMT
  server: uvicorn
  content-length: 30

RESP BODY (30 bytes):
All connection attempts failed

================================================================================
[0238] 17:52:22.890  POST https://server.self-serve.windsurf.com/exa.seat_management_pb.SeatManagementService/GetUserStatus  → 502  (59375ms)
────────────────────────────────────────────────────────────────────────────────
REQ HEADERS:
  host: server.self-serve.windsurf.com
  connection: keep-alive
  accept: */*
  user-agent: connect-go/1.18.1 (go1.26.1)
  accept-encoding: gzip
  connect-protocol-version: 1
  connect-timeout-ms: 4999
  content-type: application/proto
  content-length: 495

REQ BODY (495 bytes):

�
windsurf-next1.48.2�devin-session-token$eyJhbGciOiJIUzI1NiIsInR5cCI6IkpXVCJ9.eyJzZXNzaW9uX2lkIjoid2luZHN1cmYtc2Vzc2lvbi1kNzk3YTBlMjhmMmM0ZDEwYjUwNzExODQyZDhjNjFiNiJ9.KwRzyD6mjtVcGhcXl4552yAasQHh_hF0dtXTlJdAQhc"en*linux:2.0.1061HR$cd6af051-683f-4d74-ae91-a784b9371001bwindsurf-next�:/usr/share/windsurf-next/resources/app/extensions/windsurf��ae4eb2dcd298f91d5c7ac8f5d91d4c1941f0067a9f0fcc42190d45350c88a0b7c39c3c62f0f48b8c65a2bfb3c76080a778d6aa91c335a3b24773ae213a2da9ba�Unset
────────────────────────────────────────────────────────────────────────────────
RESP HEADERS:
  date: Mon, 20 Apr 2026 16:51:23 GMT
  server: uvicorn
  content-length: 30

RESP BODY (30 bytes):
All connection attempts failed

================================================================================
[0239] 17:52:22.891  POST https://server.self-serve.windsurf.com/exa.seat_management_pb.SeatManagementService/GetUserStatus  → 502  (59950ms)
────────────────────────────────────────────────────────────────────────────────
REQ HEADERS:
  host: server.self-serve.windsurf.com
  accept: */*
  connection: keep-alive
  user-agent: connect-go/1.18.1 (go1.26.1)
  accept-encoding: gzip
  connect-protocol-version: 1
  connect-timeout-ms: 4999
  content-type: application/proto
  content-length: 495

REQ BODY (495 bytes):

�
windsurf-next1.48.2�devin-session-token$eyJhbGciOiJIUzI1NiIsInR5cCI6IkpXVCJ9.eyJzZXNzaW9uX2lkIjoid2luZHN1cmYtc2Vzc2lvbi1kNzk3YTBlMjhmMmM0ZDEwYjUwNzExODQyZDhjNjFiNiJ9.KwRzyD6mjtVcGhcXl4552yAasQHh_hF0dtXTlJdAQhc"en*linux:2.0.1061HR$cd6af051-683f-4d74-ae91-a784b9371001bwindsurf-next�:/usr/share/windsurf-next/resources/app/extensions/windsurf��ae4eb2dcd298f91d5c7ac8f5d91d4c1941f0067a9f0fcc42190d45350c88a0b7c39c3c62f0f48b8c65a2bfb3c76080a778d6aa91c335a3b24773ae213a2da9ba�Unset
────────────────────────────────────────────────────────────────────────────────
RESP HEADERS:
  date: Mon, 20 Apr 2026 16:51:22 GMT, Mon, 20 Apr 2026 16:51:23 GMT
  server: uvicorn, uvicorn
  content-length: 30

RESP BODY (30 bytes):
All connection attempts failed

================================================================================
[0240] 17:52:22.891  POST https://server.self-serve.windsurf.com/exa.seat_management_pb.SeatManagementService/GetUserStatus  → 502  (59924ms)
────────────────────────────────────────────────────────────────────────────────
REQ HEADERS:
  host: server.self-serve.windsurf.com
  accept: */*
  connection: keep-alive
  user-agent: connect-go/1.18.1 (go1.26.1)
  accept-encoding: gzip
  connect-protocol-version: 1
  connect-timeout-ms: 4999
  content-type: application/proto
  content-length: 495

REQ BODY (495 bytes):

�
windsurf-next1.48.2�devin-session-token$eyJhbGciOiJIUzI1NiIsInR5cCI6IkpXVCJ9.eyJzZXNzaW9uX2lkIjoid2luZHN1cmYtc2Vzc2lvbi1kNzk3YTBlMjhmMmM0ZDEwYjUwNzExODQyZDhjNjFiNiJ9.KwRzyD6mjtVcGhcXl4552yAasQHh_hF0dtXTlJdAQhc"en*linux:2.0.1061HR$cd6af051-683f-4d74-ae91-a784b9371001bwindsurf-next�:/usr/share/windsurf-next/resources/app/extensions/windsurf��ae4eb2dcd298f91d5c7ac8f5d91d4c1941f0067a9f0fcc42190d45350c88a0b7c39c3c62f0f48b8c65a2bfb3c76080a778d6aa91c335a3b24773ae213a2da9ba�Unset
────────────────────────────────────────────────────────────────────────────────
RESP HEADERS:
  date: Mon, 20 Apr 2026 16:51:22 GMT, Mon, 20 Apr 2026 16:51:23 GMT
  server: uvicorn, uvicorn
  content-length: 30

RESP BODY (30 bytes):
All connection attempts failed

================================================================================
[0241] 17:52:22.892  POST https://server.self-serve.windsurf.com/exa.auth_pb.AuthService/GetUserJwt  → 502  (59868ms)
────────────────────────────────────────────────────────────────────────────────
REQ HEADERS:
  host: server.self-serve.windsurf.com
  accept: */*
  connection: keep-alive
  user-agent: connect-go/1.18.1 (go1.26.1)
  accept-encoding: gzip
  connect-protocol-version: 1
  connect-timeout-ms: 9999
  content-type: application/proto
  content-length: 253

REQ BODY (253 bytes):

�
windsurf-next1.48.2�devin-session-token$eyJhbGciOiJIUzI1NiIsInR5cCI6IkpXVCJ9.eyJzZXNzaW9uX2lkIjoid2luZHN1cmYtc2Vzc2lvbi1kNzk3YTBlMjhmMmM0ZDEwYjUwNzExODQyZDhjNjFiNiJ9.KwRzyD6mjtVcGhcXl4552yAasQHh_hF0dtXTlJdAQhc"en:2.0.1061bwindsurf-next� 
────────────────────────────────────────────────────────────────────────────────
RESP HEADERS:
  date: Mon, 20 Apr 2026 16:51:22 GMT, Mon, 20 Apr 2026 16:51:23 GMT
  server: uvicorn, uvicorn
  content-length: 30

RESP BODY (30 bytes):
All connection attempts failed

================================================================================
[0242] 17:52:22.892  POST https://server.self-serve.windsurf.com/exa.seat_management_pb.SeatManagementService/GetUserStatus  → 502  (104912ms)
────────────────────────────────────────────────────────────────────────────────
REQ HEADERS:
  host: server.self-serve.windsurf.com
  user-agent: connect-go/1.18.1 (go1.26.1)
  content-length: 495
  accept-encoding: gzip
  connect-protocol-version: 1
  connect-timeout-ms: 4999
  content-type: application/proto

REQ BODY (495 bytes):

�
windsurf-next1.48.2�devin-session-token$eyJhbGciOiJIUzI1NiIsInR5cCI6IkpXVCJ9.eyJzZXNzaW9uX2lkIjoid2luZHN1cmYtc2Vzc2lvbi1kNzk3YTBlMjhmMmM0ZDEwYjUwNzExODQyZDhjNjFiNiJ9.KwRzyD6mjtVcGhcXl4552yAasQHh_hF0dtXTlJdAQhc"en*linux:2.0.1061HR$cd6af051-683f-4d74-ae91-a784b9371001bwindsurf-next�:/usr/share/windsurf-next/resources/app/extensions/windsurf��ae4eb2dcd298f91d5c7ac8f5d91d4c1941f0067a9f0fcc42190d45350c88a0b7c39c3c62f0f48b8c65a2bfb3c76080a778d6aa91c335a3b24773ae213a2da9ba�Unset
────────────────────────────────────────────────────────────────────────────────
RESP HEADERS:
  date: Mon, 20 Apr 2026 16:51:22 GMT, Mon, 20 Apr 2026 16:51:22 GMT, Mon, 20 Apr 2026 16:51:23 GMT
  server: uvicorn, uvicorn, uvicorn
  content-length: 30

RESP BODY (30 bytes):
All connection attempts failed

================================================================================
[0243] 17:52:22.900  POST https://server.self-serve.windsurf.com/exa.api_server_pb.ApiServerService/GetModelStatuses  → 502  (59081ms)
────────────────────────────────────────────────────────────────────────────────
REQ HEADERS:
  host: server.self-serve.windsurf.com
  connection: keep-alive
  accept: */*
  user-agent: connect-go/1.18.1 (go1.26.1)
  accept-encoding: gzip
  connect-protocol-version: 1
  content-encoding: gzip
  content-type: application/proto
  content-length: 1385

REQ BODY (19 bytes):
<binary 1385 bytes>
────────────────────────────────────────────────────────────────────────────────
RESP HEADERS:

RESP BODY (30 bytes):
All connection attempts failed

================================================================================
[0244] 17:52:22.902  POST https://server.self-serve.windsurf.com/exa.seat_management_pb.SeatManagementService/GetUserStatus  → 502  (59071ms)
────────────────────────────────────────────────────────────────────────────────
REQ HEADERS:
  host: server.self-serve.windsurf.com
  connection: keep-alive
  accept: */*
  user-agent: connect-go/1.18.1 (go1.26.1)
  accept-encoding: gzip
  connect-protocol-version: 1
  connect-timeout-ms: 4999
  content-type: application/proto
  content-length: 495

REQ BODY (495 bytes):

�
windsurf-next1.48.2�devin-session-token$eyJhbGciOiJIUzI1NiIsInR5cCI6IkpXVCJ9.eyJzZXNzaW9uX2lkIjoid2luZHN1cmYtc2Vzc2lvbi1kNzk3YTBlMjhmMmM0ZDEwYjUwNzExODQyZDhjNjFiNiJ9.KwRzyD6mjtVcGhcXl4552yAasQHh_hF0dtXTlJdAQhc"en*linux:2.0.1061HR$cd6af051-683f-4d74-ae91-a784b9371001bwindsurf-next�:/usr/share/windsurf-next/resources/app/extensions/windsurf��ae4eb2dcd298f91d5c7ac8f5d91d4c1941f0067a9f0fcc42190d45350c88a0b7c39c3c62f0f48b8c65a2bfb3c76080a778d6aa91c335a3b24773ae213a2da9ba�Unset
────────────────────────────────────────────────────────────────────────────────
RESP HEADERS:

RESP BODY (30 bytes):
All connection attempts failed

================================================================================
[0245] 17:52:22.903  POST https://server.self-serve.windsurf.com/exa.seat_management_pb.SeatManagementService/GetUserStatus  → 502  (59070ms)
────────────────────────────────────────────────────────────────────────────────
REQ HEADERS:
  host: server.self-serve.windsurf.com
  connection: keep-alive
  accept: */*
  user-agent: connect-go/1.18.1 (go1.26.1)
  accept-encoding: gzip
  connect-protocol-version: 1
  connect-timeout-ms: 4999
  content-type: application/proto
  content-length: 253

REQ BODY (253 bytes):

�
windsurf-next1.48.2�devin-session-token$eyJhbGciOiJIUzI1NiIsInR5cCI6IkpXVCJ9.eyJzZXNzaW9uX2lkIjoid2luZHN1cmYtc2Vzc2lvbi1kNzk3YTBlMjhmMmM0ZDEwYjUwNzExODQyZDhjNjFiNiJ9.KwRzyD6mjtVcGhcXl4552yAasQHh_hF0dtXTlJdAQhc"en:2.0.1061bwindsurf-next� 
────────────────────────────────────────────────────────────────────────────────
RESP HEADERS:

RESP BODY (30 bytes):
All connection attempts failed

================================================================================
[0246] 17:52:22.904  POST https://server.self-serve.windsurf.com/exa.seat_management_pb.SeatManagementService/GetUserStatus  → 502  (59060ms)
────────────────────────────────────────────────────────────────────────────────
REQ HEADERS:
  host: server.self-serve.windsurf.com
  connection: keep-alive
  accept: */*
  user-agent: connect-go/1.18.1 (go1.26.1)
  accept-encoding: gzip
  connect-protocol-version: 1
  connect-timeout-ms: 4999
  content-type: application/proto
  content-length: 495

REQ BODY (495 bytes):

�
windsurf-next1.48.2�devin-session-token$eyJhbGciOiJIUzI1NiIsInR5cCI6IkpXVCJ9.eyJzZXNzaW9uX2lkIjoid2luZHN1cmYtc2Vzc2lvbi1kNzk3YTBlMjhmMmM0ZDEwYjUwNzExODQyZDhjNjFiNiJ9.KwRzyD6mjtVcGhcXl4552yAasQHh_hF0dtXTlJdAQhc"en*linux:2.0.1061HR$cd6af051-683f-4d74-ae91-a784b9371001bwindsurf-next�:/usr/share/windsurf-next/resources/app/extensions/windsurf��ae4eb2dcd298f91d5c7ac8f5d91d4c1941f0067a9f0fcc42190d45350c88a0b7c39c3c62f0f48b8c65a2bfb3c76080a778d6aa91c335a3b24773ae213a2da9ba�Unset
────────────────────────────────────────────────────────────────────────────────
RESP HEADERS:

RESP BODY (30 bytes):
All connection attempts failed

================================================================================
[0247] 17:52:22.905  POST https://server.self-serve.windsurf.com/exa.seat_management_pb.SeatManagementService/GetUserStatus  → 502  (59059ms)
────────────────────────────────────────────────────────────────────────────────
REQ HEADERS:
  host: server.self-serve.windsurf.com
  connection: keep-alive
  accept: */*
  user-agent: connect-go/1.18.1 (go1.26.1)
  accept-encoding: gzip
  connect-protocol-version: 1
  connect-timeout-ms: 4999
  content-type: application/proto
  content-length: 495

REQ BODY (495 bytes):

�
windsurf-next1.48.2�devin-session-token$eyJhbGciOiJIUzI1NiIsInR5cCI6IkpXVCJ9.eyJzZXNzaW9uX2lkIjoid2luZHN1cmYtc2Vzc2lvbi1kNzk3YTBlMjhmMmM0ZDEwYjUwNzExODQyZDhjNjFiNiJ9.KwRzyD6mjtVcGhcXl4552yAasQHh_hF0dtXTlJdAQhc"en*linux:2.0.1061HR$cd6af051-683f-4d74-ae91-a784b9371001bwindsurf-next�:/usr/share/windsurf-next/resources/app/extensions/windsurf��ae4eb2dcd298f91d5c7ac8f5d91d4c1941f0067a9f0fcc42190d45350c88a0b7c39c3c62f0f48b8c65a2bfb3c76080a778d6aa91c335a3b24773ae213a2da9ba�Unset
────────────────────────────────────────────────────────────────────────────────
RESP HEADERS:

RESP BODY (30 bytes):
All connection attempts failed

================================================================================
[0248] 17:52:22.906  POST https://server.self-serve.windsurf.com/exa.seat_management_pb.SeatManagementService/GetUserStatus  → 502  (59056ms)
────────────────────────────────────────────────────────────────────────────────
REQ HEADERS:
  host: server.self-serve.windsurf.com
  connection: keep-alive
  accept: */*
  user-agent: connect-go/1.18.1 (go1.26.1)
  accept-encoding: gzip
  connect-protocol-version: 1
  connect-timeout-ms: 4999
  content-type: application/proto
  content-length: 495

REQ BODY (495 bytes):

�
windsurf-next1.48.2�devin-session-token$eyJhbGciOiJIUzI1NiIsInR5cCI6IkpXVCJ9.eyJzZXNzaW9uX2lkIjoid2luZHN1cmYtc2Vzc2lvbi1kNzk3YTBlMjhmMmM0ZDEwYjUwNzExODQyZDhjNjFiNiJ9.KwRzyD6mjtVcGhcXl4552yAasQHh_hF0dtXTlJdAQhc"en*linux:2.0.1061HR$cd6af051-683f-4d74-ae91-a784b9371001bwindsurf-next�:/usr/share/windsurf-next/resources/app/extensions/windsurf��ae4eb2dcd298f91d5c7ac8f5d91d4c1941f0067a9f0fcc42190d45350c88a0b7c39c3c62f0f48b8c65a2bfb3c76080a778d6aa91c335a3b24773ae213a2da9ba�Unset
────────────────────────────────────────────────────────────────────────────────
RESP HEADERS:

RESP BODY (30 bytes):
All connection attempts failed

================================================================================
[0249] 17:52:22.906  POST https://server.self-serve.windsurf.com/exa.seat_management_pb.SeatManagementService/GetUserStatus  → 502  (59390ms)
────────────────────────────────────────────────────────────────────────────────
REQ HEADERS:
  host: server.self-serve.windsurf.com
  connection: keep-alive
  accept: */*
  user-agent: connect-go/1.18.1 (go1.26.1)
  accept-encoding: gzip
  connect-protocol-version: 1
  connect-timeout-ms: 4999
  content-type: application/proto
  content-length: 253

REQ BODY (253 bytes):

�
windsurf-next1.48.2�devin-session-token$eyJhbGciOiJIUzI1NiIsInR5cCI6IkpXVCJ9.eyJzZXNzaW9uX2lkIjoid2luZHN1cmYtc2Vzc2lvbi1kNzk3YTBlMjhmMmM0ZDEwYjUwNzExODQyZDhjNjFiNiJ9.KwRzyD6mjtVcGhcXl4552yAasQHh_hF0dtXTlJdAQhc"en:2.0.1061bwindsurf-next� 
────────────────────────────────────────────────────────────────────────────────
RESP HEADERS:
  date: Mon, 20 Apr 2026 16:51:23 GMT
  server: uvicorn
  content-length: 30

RESP BODY (30 bytes):
All connection attempts failed

================================================================================
[0250] 17:52:22.914  POST https://server.self-serve.windsurf.com/exa.seat_management_pb.SeatManagementService/GetUserStatus  → 502  (59060ms)
────────────────────────────────────────────────────────────────────────────────
REQ HEADERS:
  host: server.self-serve.windsurf.com
  connection: keep-alive
  accept: */*
  user-agent: connect-go/1.18.1 (go1.26.1)
  accept-encoding: gzip
  connect-protocol-version: 1
  connect-timeout-ms: 4999
  content-type: application/proto
  content-length: 495

REQ BODY (495 bytes):

�
windsurf-next1.48.2�devin-session-token$eyJhbGciOiJIUzI1NiIsInR5cCI6IkpXVCJ9.eyJzZXNzaW9uX2lkIjoid2luZHN1cmYtc2Vzc2lvbi1kNzk3YTBlMjhmMmM0ZDEwYjUwNzExODQyZDhjNjFiNiJ9.KwRzyD6mjtVcGhcXl4552yAasQHh_hF0dtXTlJdAQhc"en*linux:2.0.1061HR$cd6af051-683f-4d74-ae91-a784b9371001bwindsurf-next�:/usr/share/windsurf-next/resources/app/extensions/windsurf��ae4eb2dcd298f91d5c7ac8f5d91d4c1941f0067a9f0fcc42190d45350c88a0b7c39c3c62f0f48b8c65a2bfb3c76080a778d6aa91c335a3b24773ae213a2da9ba�Unset
────────────────────────────────────────────────────────────────────────────────
RESP HEADERS:

RESP BODY (30 bytes):
All connection attempts failed

================================================================================
[0251] 17:52:22.915  POST https://server.self-serve.windsurf.com/exa.seat_management_pb.SeatManagementService/GetUserStatus  → 502  (59052ms)
────────────────────────────────────────────────────────────────────────────────
REQ HEADERS:
  host: server.self-serve.windsurf.com
  connection: keep-alive
  accept: */*
  user-agent: connect-go/1.18.1 (go1.26.1)
  accept-encoding: gzip
  connect-protocol-version: 1
  connect-timeout-ms: 4999
  content-type: application/proto
  content-length: 495

REQ BODY (495 bytes):

�
windsurf-next1.48.2�devin-session-token$eyJhbGciOiJIUzI1NiIsInR5cCI6IkpXVCJ9.eyJzZXNzaW9uX2lkIjoid2luZHN1cmYtc2Vzc2lvbi1kNzk3YTBlMjhmMmM0ZDEwYjUwNzExODQyZDhjNjFiNiJ9.KwRzyD6mjtVcGhcXl4552yAasQHh_hF0dtXTlJdAQhc"en*linux:2.0.1061HR$cd6af051-683f-4d74-ae91-a784b9371001bwindsurf-next�:/usr/share/windsurf-next/resources/app/extensions/windsurf��ae4eb2dcd298f91d5c7ac8f5d91d4c1941f0067a9f0fcc42190d45350c88a0b7c39c3c62f0f48b8c65a2bfb3c76080a778d6aa91c335a3b24773ae213a2da9ba�Unset
────────────────────────────────────────────────────────────────────────────────
RESP HEADERS:

RESP BODY (30 bytes):
All connection attempts failed

================================================================================
[0252] 17:52:22.916  GET https://unleash.codeium.com/api/client/features  → 502  (59051ms)
────────────────────────────────────────────────────────────────────────────────
REQ HEADERS:
  host: unleash.codeium.com
  connection: keep-alive
  accept: */*
  user-agent: codeium-language-server
  authorization: *:production.ead56b5...
  unleash-appname: codeium-language-server
  unleash-client-spec: 4.3.1
  unleash-instanceid: john-server-node
  accept-encoding: gzip
────────────────────────────────────────────────────────────────────────────────
RESP HEADERS:

RESP BODY (30 bytes):
All connection attempts failed

================================================================================
[0253] 17:52:22.917  POST https://server.self-serve.windsurf.com/exa.seat_management_pb.SeatManagementService/GetUserStatus  → 502  (59046ms)
────────────────────────────────────────────────────────────────────────────────
REQ HEADERS:
  host: server.self-serve.windsurf.com
  user-agent: connect-go/1.18.1 (go1.26.1)
  content-length: 484
  accept-encoding: gzip
  connect-protocol-version: 1
  connect-timeout-ms: 4999
  content-type: application/proto

REQ BODY (484 bytes):

�
windsurf-next1.48.2�devin-session-token$eyJhbGciOiJIUzI1NiIsInR5cCI6IkpXVCJ9.eyJzZXNzaW9uX2lkIjoid2luZHN1cmYtc2Vzc2lvbi1kNzk3YTBlMjhmMmM0ZDEwYjUwNzExODQyZDhjNjFiNiJ9.KwRzyD6mjtVcGhcXl4552yAasQHh_hF0dtXTlJdAQhc"en*linux:2.0.1061R$cd6af051-683f-4d74-ae91-a784b9371001bwindsurf-next��ae4eb2dcd298f91d5c7ac8f5d91d4c1941f0067a9f0fcc42190d45350c88a0b7c39c3c62f0f48b8c65a2bfb3c76080a778d6aa91c335a3b24773ae213a2da9ba�Pro�3devin-team$account-c7ea2fe03d6245b189ddec1e7dea700d
────────────────────────────────────────────────────────────────────────────────
RESP HEADERS:

RESP BODY (30 bytes):
All connection attempts failed

================================================================================
[0254] 17:52:22.918  POST https://server.self-serve.windsurf.com/exa.seat_management_pb.SeatManagementService/GetUserStatus  → 502  (59389ms)
────────────────────────────────────────────────────────────────────────────────
REQ HEADERS:
  host: server.self-serve.windsurf.com
  connection: keep-alive
  accept: */*
  user-agent: connect-go/1.18.1 (go1.26.1)
  accept-encoding: gzip
  connect-protocol-version: 1
  connect-timeout-ms: 4999
  content-type: application/proto
  content-length: 495

REQ BODY (495 bytes):

�
windsurf-next1.48.2�devin-session-token$eyJhbGciOiJIUzI1NiIsInR5cCI6IkpXVCJ9.eyJzZXNzaW9uX2lkIjoid2luZHN1cmYtc2Vzc2lvbi1kNzk3YTBlMjhmMmM0ZDEwYjUwNzExODQyZDhjNjFiNiJ9.KwRzyD6mjtVcGhcXl4552yAasQHh_hF0dtXTlJdAQhc"en*linux:2.0.1061HR$cd6af051-683f-4d74-ae91-a784b9371001bwindsurf-next�:/usr/share/windsurf-next/resources/app/extensions/windsurf��ae4eb2dcd298f91d5c7ac8f5d91d4c1941f0067a9f0fcc42190d45350c88a0b7c39c3c62f0f48b8c65a2bfb3c76080a778d6aa91c335a3b24773ae213a2da9ba�Unset
────────────────────────────────────────────────────────────────────────────────
RESP HEADERS:
  date: Mon, 20 Apr 2026 16:51:23 GMT
  server: uvicorn
  content-length: 30

RESP BODY (30 bytes):
All connection attempts failed

================================================================================
[0255] 17:52:22.919  POST https://server.self-serve.windsurf.com/exa.auth_pb.AuthService/GetUserJwt  → 502  (59389ms)
────────────────────────────────────────────────────────────────────────────────
REQ HEADERS:
  host: server.self-serve.windsurf.com
  connection: keep-alive
  accept: */*
  user-agent: connect-go/1.18.1 (go1.26.1)
  accept-encoding: gzip
  connect-protocol-version: 1
  connect-timeout-ms: 9999
  content-type: application/proto
  content-length: 253

REQ BODY (253 bytes):

�
windsurf-next1.48.2�devin-session-token$eyJhbGciOiJIUzI1NiIsInR5cCI6IkpXVCJ9.eyJzZXNzaW9uX2lkIjoid2luZHN1cmYtc2Vzc2lvbi1kNzk3YTBlMjhmMmM0ZDEwYjUwNzExODQyZDhjNjFiNiJ9.KwRzyD6mjtVcGhcXl4552yAasQHh_hF0dtXTlJdAQhc"en:2.0.1061bwindsurf-next� 
────────────────────────────────────────────────────────────────────────────────
RESP HEADERS:
  date: Mon, 20 Apr 2026 16:51:23 GMT
  server: uvicorn
  content-length: 30

RESP BODY (30 bytes):
All connection attempts failed

================================================================================
[0256] 17:52:22.919  POST https://server.self-serve.windsurf.com/exa.seat_management_pb.SeatManagementService/GetUserStatus  → 502  (59372ms)
────────────────────────────────────────────────────────────────────────────────
REQ HEADERS:
  host: server.self-serve.windsurf.com
  connection: keep-alive
  accept: */*
  user-agent: connect-go/1.18.1 (go1.26.1)
  accept-encoding: gzip
  connect-protocol-version: 1
  connect-timeout-ms: 4999
  content-type: application/proto
  content-length: 495

REQ BODY (495 bytes):

�
windsurf-next1.48.2�devin-session-token$eyJhbGciOiJIUzI1NiIsInR5cCI6IkpXVCJ9.eyJzZXNzaW9uX2lkIjoid2luZHN1cmYtc2Vzc2lvbi1kNzk3YTBlMjhmMmM0ZDEwYjUwNzExODQyZDhjNjFiNiJ9.KwRzyD6mjtVcGhcXl4552yAasQHh_hF0dtXTlJdAQhc"en*linux:2.0.1061HR$cd6af051-683f-4d74-ae91-a784b9371001bwindsurf-next�:/usr/share/windsurf-next/resources/app/extensions/windsurf��ae4eb2dcd298f91d5c7ac8f5d91d4c1941f0067a9f0fcc42190d45350c88a0b7c39c3c62f0f48b8c65a2bfb3c76080a778d6aa91c335a3b24773ae213a2da9ba�Unset
────────────────────────────────────────────────────────────────────────────────
RESP HEADERS:
  date: Mon, 20 Apr 2026 16:51:23 GMT
  server: uvicorn
  content-length: 30

RESP BODY (30 bytes):
All connection attempts failed

================================================================================
[0257] 17:52:22.920  POST https://server.self-serve.windsurf.com/exa.seat_management_pb.SeatManagementService/GetUserStatus  → 502  (59366ms)
────────────────────────────────────────────────────────────────────────────────
REQ HEADERS:
  host: server.self-serve.windsurf.com
  connection: keep-alive
  accept: */*
  user-agent: connect-go/1.18.1 (go1.26.1)
  accept-encoding: gzip
  connect-protocol-version: 1
  connect-timeout-ms: 4999
  content-type: application/proto
  content-length: 253

REQ BODY (253 bytes):

�
windsurf-next1.48.2�devin-session-token$eyJhbGciOiJIUzI1NiIsInR5cCI6IkpXVCJ9.eyJzZXNzaW9uX2lkIjoid2luZHN1cmYtc2Vzc2lvbi1kNzk3YTBlMjhmMmM0ZDEwYjUwNzExODQyZDhjNjFiNiJ9.KwRzyD6mjtVcGhcXl4552yAasQHh_hF0dtXTlJdAQhc"en:2.0.1061bwindsurf-next� 
────────────────────────────────────────────────────────────────────────────────
RESP HEADERS:
  date: Mon, 20 Apr 2026 16:51:23 GMT
  server: uvicorn
  content-length: 30

RESP BODY (30 bytes):
All connection attempts failed

================================================================================
[0258] 17:52:22.920  POST https://server.self-serve.windsurf.com/exa.seat_management_pb.SeatManagementService/GetUserStatus  → 502  (59365ms)
────────────────────────────────────────────────────────────────────────────────
REQ HEADERS:
  host: server.self-serve.windsurf.com
  connection: keep-alive
  accept: */*
  user-agent: connect-go/1.18.1 (go1.26.1)
  accept-encoding: gzip
  connect-protocol-version: 1
  connect-timeout-ms: 4999
  content-type: application/proto
  content-length: 495

REQ BODY (495 bytes):

�
windsurf-next1.48.2�devin-session-token$eyJhbGciOiJIUzI1NiIsInR5cCI6IkpXVCJ9.eyJzZXNzaW9uX2lkIjoid2luZHN1cmYtc2Vzc2lvbi1kNzk3YTBlMjhmMmM0ZDEwYjUwNzExODQyZDhjNjFiNiJ9.KwRzyD6mjtVcGhcXl4552yAasQHh_hF0dtXTlJdAQhc"en*linux:2.0.1061HR$cd6af051-683f-4d74-ae91-a784b9371001bwindsurf-next�:/usr/share/windsurf-next/resources/app/extensions/windsurf��ae4eb2dcd298f91d5c7ac8f5d91d4c1941f0067a9f0fcc42190d45350c88a0b7c39c3c62f0f48b8c65a2bfb3c76080a778d6aa91c335a3b24773ae213a2da9ba�Unset
────────────────────────────────────────────────────────────────────────────────
RESP HEADERS:
  date: Mon, 20 Apr 2026 16:51:23 GMT
  server: uvicorn
  content-length: 30

RESP BODY (30 bytes):
All connection attempts failed

================================================================================
[0259] 17:52:22.921  POST https://server.self-serve.windsurf.com/exa.seat_management_pb.SeatManagementService/GetUserStatus  → 502  (59852ms)
────────────────────────────────────────────────────────────────────────────────
REQ HEADERS:
  host: server.self-serve.windsurf.com
  accept: */*
  connection: keep-alive
  user-agent: connect-go/1.18.1 (go1.26.1)
  accept-encoding: gzip
  connect-protocol-version: 1
  connect-timeout-ms: 4999
  content-type: application/proto
  content-length: 253

REQ BODY (253 bytes):

�
windsurf-next1.48.2�devin-session-token$eyJhbGciOiJIUzI1NiIsInR5cCI6IkpXVCJ9.eyJzZXNzaW9uX2lkIjoid2luZHN1cmYtc2Vzc2lvbi1kNzk3YTBlMjhmMmM0ZDEwYjUwNzExODQyZDhjNjFiNiJ9.KwRzyD6mjtVcGhcXl4552yAasQHh_hF0dtXTlJdAQhc"en:2.0.1061bwindsurf-next� 
────────────────────────────────────────────────────────────────────────────────
RESP HEADERS:
  date: Mon, 20 Apr 2026 16:51:22 GMT, Mon, 20 Apr 2026 16:51:23 GMT
  server: uvicorn, uvicorn
  content-length: 30

RESP BODY (30 bytes):
All connection attempts failed

================================================================================
[0260] 17:52:22.921  POST https://server.self-serve.windsurf.com/exa.seat_management_pb.SeatManagementService/GetUserStatus  → 502  (59829ms)
────────────────────────────────────────────────────────────────────────────────
REQ HEADERS:
  host: server.self-serve.windsurf.com
  accept: */*
  connection: keep-alive
  user-agent: connect-go/1.18.1 (go1.26.1)
  accept-encoding: gzip
  connect-protocol-version: 1
  connect-timeout-ms: 4999
  content-type: application/proto
  content-length: 495

REQ BODY (495 bytes):

�
windsurf-next1.48.2�devin-session-token$eyJhbGciOiJIUzI1NiIsInR5cCI6IkpXVCJ9.eyJzZXNzaW9uX2lkIjoid2luZHN1cmYtc2Vzc2lvbi1kNzk3YTBlMjhmMmM0ZDEwYjUwNzExODQyZDhjNjFiNiJ9.KwRzyD6mjtVcGhcXl4552yAasQHh_hF0dtXTlJdAQhc"en*linux:2.0.1061HR$cd6af051-683f-4d74-ae91-a784b9371001bwindsurf-next�:/usr/share/windsurf-next/resources/app/extensions/windsurf��ae4eb2dcd298f91d5c7ac8f5d91d4c1941f0067a9f0fcc42190d45350c88a0b7c39c3c62f0f48b8c65a2bfb3c76080a778d6aa91c335a3b24773ae213a2da9ba�Unset
────────────────────────────────────────────────────────────────────────────────
RESP HEADERS:
  date: Mon, 20 Apr 2026 16:51:22 GMT, Mon, 20 Apr 2026 16:51:23 GMT
  server: uvicorn, uvicorn
  content-length: 30

RESP BODY (30 bytes):
All connection attempts failed

================================================================================
[0261] 17:52:22.923  POST https://server.self-serve.windsurf.com/exa.api_server_pb.ApiServerService/CheckChatCapacity  → 502  (59797ms)
────────────────────────────────────────────────────────────────────────────────
REQ HEADERS:
  host: server.self-serve.windsurf.com
  accept: */*
  connection: keep-alive
  user-agent: connect-go/1.18.1 (go1.26.1)
  accept-encoding: gzip
  connect-protocol-version: 1
  content-encoding: gzip
  content-type: application/proto
  content-length: 1394

REQ BODY (19 bytes):
<binary 1394 bytes>
────────────────────────────────────────────────────────────────────────────────
RESP HEADERS:
  date: Mon, 20 Apr 2026 16:51:22 GMT, Mon, 20 Apr 2026 16:51:23 GMT
  server: uvicorn, uvicorn
  content-length: 30

RESP BODY (30 bytes):
All connection attempts failed

================================================================================
[0262] 17:52:22.924  POST https://server.self-serve.windsurf.com/exa.seat_management_pb.SeatManagementService/GetUserStatus  → 502  (59779ms)
────────────────────────────────────────────────────────────────────────────────
REQ HEADERS:
  host: server.self-serve.windsurf.com
  accept: */*
  connection: keep-alive
  user-agent: connect-go/1.18.1 (go1.26.1)
  accept-encoding: gzip
  connect-protocol-version: 1
  connect-timeout-ms: 4999
  content-type: application/proto
  content-length: 495

REQ BODY (495 bytes):

�
windsurf-next1.48.2�devin-session-token$eyJhbGciOiJIUzI1NiIsInR5cCI6IkpXVCJ9.eyJzZXNzaW9uX2lkIjoid2luZHN1cmYtc2Vzc2lvbi1kNzk3YTBlMjhmMmM0ZDEwYjUwNzExODQyZDhjNjFiNiJ9.KwRzyD6mjtVcGhcXl4552yAasQHh_hF0dtXTlJdAQhc"en*linux:2.0.1061HR$cd6af051-683f-4d74-ae91-a784b9371001bwindsurf-next�:/usr/share/windsurf-next/resources/app/extensions/windsurf��ae4eb2dcd298f91d5c7ac8f5d91d4c1941f0067a9f0fcc42190d45350c88a0b7c39c3c62f0f48b8c65a2bfb3c76080a778d6aa91c335a3b24773ae213a2da9ba�Unset
────────────────────────────────────────────────────────────────────────────────
RESP HEADERS:
  date: Mon, 20 Apr 2026 16:51:22 GMT, Mon, 20 Apr 2026 16:51:23 GMT
  server: uvicorn, uvicorn
  content-length: 30

RESP BODY (30 bytes):
All connection attempts failed

================================================================================
[0263] 17:52:22.924  POST https://server.self-serve.windsurf.com/exa.seat_management_pb.SeatManagementService/GetUserStatus  → 502  (103674ms)
────────────────────────────────────────────────────────────────────────────────
REQ HEADERS:
  host: server.self-serve.windsurf.com
  user-agent: connect-go/1.18.1 (go1.26.1)
  content-length: 495
  accept-encoding: gzip
  connect-protocol-version: 1
  connect-timeout-ms: 4999
  content-type: application/proto

REQ BODY (495 bytes):

�
windsurf-next1.48.2�devin-session-token$eyJhbGciOiJIUzI1NiIsInR5cCI6IkpXVCJ9.eyJzZXNzaW9uX2lkIjoid2luZHN1cmYtc2Vzc2lvbi1kNzk3YTBlMjhmMmM0ZDEwYjUwNzExODQyZDhjNjFiNiJ9.KwRzyD6mjtVcGhcXl4552yAasQHh_hF0dtXTlJdAQhc"en*linux:2.0.1061HR$cd6af051-683f-4d74-ae91-a784b9371001bwindsurf-next�:/usr/share/windsurf-next/resources/app/extensions/windsurf��ae4eb2dcd298f91d5c7ac8f5d91d4c1941f0067a9f0fcc42190d45350c88a0b7c39c3c62f0f48b8c65a2bfb3c76080a778d6aa91c335a3b24773ae213a2da9ba�Unset
────────────────────────────────────────────────────────────────────────────────
RESP HEADERS:
  date: Mon, 20 Apr 2026 16:51:22 GMT, Mon, 20 Apr 2026 16:51:22 GMT, Mon, 20 Apr 2026 16:51:23 GMT
  server: uvicorn, uvicorn, uvicorn
  content-length: 30

RESP BODY (30 bytes):
All connection attempts failed

================================================================================
[0264] 17:52:22.924  POST https://server.self-serve.windsurf.com/exa.seat_management_pb.SeatManagementService/GetUserStatus  → 502  (101414ms)
────────────────────────────────────────────────────────────────────────────────
REQ HEADERS:
  host: server.self-serve.windsurf.com
  user-agent: connect-go/1.18.1 (go1.26.1)
  content-length: 495
  accept-encoding: gzip
  connect-protocol-version: 1
  connect-timeout-ms: 4999
  content-type: application/proto

REQ BODY (495 bytes):

�
windsurf-next1.48.2�devin-session-token$eyJhbGciOiJIUzI1NiIsInR5cCI6IkpXVCJ9.eyJzZXNzaW9uX2lkIjoid2luZHN1cmYtc2Vzc2lvbi1kNzk3YTBlMjhmMmM0ZDEwYjUwNzExODQyZDhjNjFiNiJ9.KwRzyD6mjtVcGhcXl4552yAasQHh_hF0dtXTlJdAQhc"en*linux:2.0.1061HR$cd6af051-683f-4d74-ae91-a784b9371001bwindsurf-next�:/usr/share/windsurf-next/resources/app/extensions/windsurf��ae4eb2dcd298f91d5c7ac8f5d91d4c1941f0067a9f0fcc42190d45350c88a0b7c39c3c62f0f48b8c65a2bfb3c76080a778d6aa91c335a3b24773ae213a2da9ba�Unset
────────────────────────────────────────────────────────────────────────────────
RESP HEADERS:
  date: Mon, 20 Apr 2026 16:51:22 GMT, Mon, 20 Apr 2026 16:51:22 GMT, Mon, 20 Apr 2026 16:51:23 GMT
  server: uvicorn, uvicorn, uvicorn
  content-length: 30

RESP BODY (30 bytes):
All connection attempts failed

================================================================================
[0265] 17:52:22.924  POST https://server.self-serve.windsurf.com/exa.auth_pb.AuthService/GetUserJwt  → 502  (101004ms)
────────────────────────────────────────────────────────────────────────────────
REQ HEADERS:
  host: server.self-serve.windsurf.com
  user-agent: connect-go/1.18.1 (go1.26.1)
  content-length: 253
  accept-encoding: gzip
  connect-protocol-version: 1
  connect-timeout-ms: 9999
  content-type: application/proto

REQ BODY (253 bytes):

�
windsurf-next1.48.2�devin-session-token$eyJhbGciOiJIUzI1NiIsInR5cCI6IkpXVCJ9.eyJzZXNzaW9uX2lkIjoid2luZHN1cmYtc2Vzc2lvbi1kNzk3YTBlMjhmMmM0ZDEwYjUwNzExODQyZDhjNjFiNiJ9.KwRzyD6mjtVcGhcXl4552yAasQHh_hF0dtXTlJdAQhc"en:2.0.1061bwindsurf-next� 
────────────────────────────────────────────────────────────────────────────────
RESP HEADERS:
  date: Mon, 20 Apr 2026 16:51:22 GMT, Mon, 20 Apr 2026 16:51:22 GMT, Mon, 20 Apr 2026 16:51:23 GMT
  server: uvicorn, uvicorn, uvicorn
  content-length: 30

RESP BODY (30 bytes):
All connection attempts failed

================================================================================
[0266] 17:52:22.929  GET https://unleash.codeium.com/api/client/features  → 502  (59038ms)
────────────────────────────────────────────────────────────────────────────────
REQ HEADERS:
  host: unleash.codeium.com
  connection: keep-alive
  accept: */*
  user-agent: codeium-language-server
  authorization: *:production.ead56b5...
  unleash-appname: codeium-language-server
  unleash-client-spec: 4.3.1
  unleash-instanceid: john-server-node
  accept-encoding: gzip
────────────────────────────────────────────────────────────────────────────────
RESP HEADERS:

RESP BODY (30 bytes):
All connection attempts failed

================================================================================
[0267] 17:52:22.929  POST https://unleash.codeium.com/api/client/register  → 502  (59035ms)
────────────────────────────────────────────────────────────────────────────────
REQ HEADERS:
  host: unleash.codeium.com
  connection: keep-alive
  accept: */*
  user-agent: codeium-language-server
  authorization: *:production.ead56b5...
  content-type: application/json
  unleash-appname: codeium-language-server
  unleash-instanceid: john-server-node
  accept-encoding: gzip
  content-length: 432

REQ BODY (432 bytes):
{"appName":"codeium-language-server","instanceId":"john-server-node","sdkVersion":"unleash-client-go:4.1.4","strategies":["default","applicationHostname","gradualRolloutRandom","gradualRolloutSessionId","gradualRolloutUserId","remoteAddress","userWithId","flexibleRollout"],"started":"2026-04-20T17:50:33.688096714+01:00","interval":60,"platformVersion":"go1.26.1","platformName":"go","yggdrasilVersion":null,"specVersion":"4.3.1"}

────────────────────────────────────────────────────────────────────────────────
RESP HEADERS:

RESP BODY (30 bytes):
All connection attempts failed

================================================================================
[0268] 17:52:22.930  POST https://server.self-serve.windsurf.com/exa.seat_management_pb.SeatManagementService/GetUserStatus  → 502  (59029ms)
────────────────────────────────────────────────────────────────────────────────
REQ HEADERS:
  host: server.self-serve.windsurf.com
  connection: keep-alive
  accept: */*
  user-agent: connect-go/1.18.1 (go1.26.1)
  accept-encoding: gzip
  connect-protocol-version: 1
  connect-timeout-ms: 4999
  content-type: application/proto
  content-length: 495

REQ BODY (495 bytes):

�
windsurf-next1.48.2�devin-session-token$eyJhbGciOiJIUzI1NiIsInR5cCI6IkpXVCJ9.eyJzZXNzaW9uX2lkIjoid2luZHN1cmYtc2Vzc2lvbi1kNzk3YTBlMjhmMmM0ZDEwYjUwNzExODQyZDhjNjFiNiJ9.KwRzyD6mjtVcGhcXl4552yAasQHh_hF0dtXTlJdAQhc"en*linux:2.0.1061HR$cd6af051-683f-4d74-ae91-a784b9371001bwindsurf-next�:/usr/share/windsurf-next/resources/app/extensions/windsurf��ae4eb2dcd298f91d5c7ac8f5d91d4c1941f0067a9f0fcc42190d45350c88a0b7c39c3c62f0f48b8c65a2bfb3c76080a778d6aa91c335a3b24773ae213a2da9ba�Unset
────────────────────────────────────────────────────────────────────────────────
RESP HEADERS:

RESP BODY (30 bytes):
All connection attempts failed

================================================================================
[0269] 17:52:22.930  POST https://server.self-serve.windsurf.com/exa.api_server_pb.ApiServerService/GetDefaultWorkflowTemplates  → 502  (59025ms)
────────────────────────────────────────────────────────────────────────────────
REQ HEADERS:
  host: server.self-serve.windsurf.com
  connection: keep-alive
  accept: */*
  user-agent: connect-go/1.18.1 (go1.26.1)
  accept-encoding: gzip
  connect-protocol-version: 1
  connect-timeout-ms: 29999
  content-encoding: gzip
  content-type: application/proto
  content-length: 1620

REQ BODY (19 bytes):
<binary 1620 bytes>
────────────────────────────────────────────────────────────────────────────────
RESP HEADERS:

RESP BODY (30 bytes):
All connection attempts failed

================================================================================
[0270] 17:52:22.940  POST https://server.self-serve.windsurf.com/exa.api_server_pb.ApiServerService/Ping  → 502  (59032ms)
────────────────────────────────────────────────────────────────────────────────
REQ HEADERS:
  host: server.self-serve.windsurf.com
  content-length: 0
  connection: keep-alive
  accept: */*
  user-agent: connect-go/1.18.1 (go1.26.1)
  accept-encoding: gzip
  connect-protocol-version: 1
  content-type: application/proto
────────────────────────────────────────────────────────────────────────────────
RESP HEADERS:

RESP BODY (30 bytes):
All connection attempts failed

================================================================================
[0271] 17:52:22.941  POST https://server.self-serve.windsurf.com/exa.product_analytics_pb.ProductAnalyticsService/RecordAnalyticsEvent  → 502  (59030ms)
────────────────────────────────────────────────────────────────────────────────
REQ HEADERS:
  host: server.self-serve.windsurf.com
  connection: keep-alive
  accept: */*
  user-agent: connect-go/1.18.1 (go1.26.1)
  accept-encoding: gzip
  connect-protocol-version: 1
  content-type: application/proto
  content-length: 385

REQ BODY (385 bytes):

LS_BINARY_STARTUP�devin-session-token$eyJhbGciOiJIUzI1NiIsInR5cCI6IkpXVCJ9.eyJzZXNzaW9uX2lkIjoid2luZHN1cmYtc2Vzc2lvbi1kNzk3YTBlMjhmMmM0ZDEwYjUwNzExODQyZDhjNjFiNiJ9.KwRzyD6mjtVcGhcXl4552yAasQHh_hF0dtXTlJdAQhc"windsurf-next*linux21.48.2:2.0.1061@�b�ae4eb2dcd298f91d5c7ac8f5d91d4c1941f0067a9f0fcc42190d45350c88a0b7c39c3c62f0f48b8c65a2bfb3c76080a778d6aa91c335a3b24773ae213a2da9ba
────────────────────────────────────────────────────────────────────────────────
RESP HEADERS:

RESP BODY (30 bytes):
All connection attempts failed

================================================================================
[0272] 17:52:22.942  POST https://server.self-serve.windsurf.com/exa.seat_management_pb.SeatManagementService/GetUserStatus  → 502  (58689ms)
────────────────────────────────────────────────────────────────────────────────
REQ HEADERS:
  host: server.self-serve.windsurf.com
  user-agent: connect-go/1.18.1 (go1.26.1)
  content-length: 495
  accept-encoding: gzip
  connect-protocol-version: 1
  connect-timeout-ms: 4999
  content-type: application/proto

REQ BODY (495 bytes):

�
windsurf-next1.48.2�devin-session-token$eyJhbGciOiJIUzI1NiIsInR5cCI6IkpXVCJ9.eyJzZXNzaW9uX2lkIjoid2luZHN1cmYtc2Vzc2lvbi1kNzk3YTBlMjhmMmM0ZDEwYjUwNzExODQyZDhjNjFiNiJ9.KwRzyD6mjtVcGhcXl4552yAasQHh_hF0dtXTlJdAQhc"en*linux:2.0.1061HR$cd6af051-683f-4d74-ae91-a784b9371001bwindsurf-next�:/usr/share/windsurf-next/resources/app/extensions/windsurf��ae4eb2dcd298f91d5c7ac8f5d91d4c1941f0067a9f0fcc42190d45350c88a0b7c39c3c62f0f48b8c65a2bfb3c76080a778d6aa91c335a3b24773ae213a2da9ba�Unset
────────────────────────────────────────────────────────────────────────────────
RESP HEADERS:

RESP BODY (30 bytes):
All connection attempts failed

================================================================================
[0273] 17:52:22.942  POST https://server.self-serve.windsurf.com/exa.product_analytics_pb.ProductAnalyticsService/RecordAnalyticsEvent  → 502  (55338ms)
────────────────────────────────────────────────────────────────────────────────
REQ HEADERS:
  host: server.self-serve.windsurf.com
  user-agent: connect-go/1.18.1 (go1.26.1)
  content-length: 849
  accept-encoding: gzip
  connect-protocol-version: 1
  content-type: application/proto

REQ BODY (849 bytes):

ACKNOWLEDGE_CASCADE_CODE_EDIT�devin-session-token$eyJhbGciOiJIUzI1NiIsInR5cCI6IkpXVCJ9.eyJzZXNzaW9uX2lkIjoid2luZHN1cmYtc2Vzc2lvbi1kNzk3YTBlMjhmMmM0ZDEwYjUwNzExODQyZDhjNjFiNiJ9.KwRzyD6mjtVcGhcXl4552yAasQHh_hF0dtXTlJdAQhc"windsurf-next*linux21.48.2:2.0.1061J
overall_insertions90J
overall_deletions3J6
file_uri*file:///mnt/DSMIL/HIGH-GRAVITY/hg_start.shJ
segment_index0J
cascade_deletions3J
user_insertions0J0
cascade_step_indices1201,1203,1205,1248,1266J
user_step_indices J6
acknowledge_id$331dac30-141a-4e16-994f-76d8fe750e68J2

cascade_id$ff9fd166-9946-4568-ab43-f6d553e0e94dJ5
trajectory_id$fa60775e-e61d-42a8-b52a-0d368ec16c02J
cascade_insertions90J
user_deletions0b�ae4eb2dcd298f91d5c7ac8f5d91d4c1941f0067a9f0fcc42190d45350c88a0b7c39c3c62f0f48b8c65a2bfb3c76080a778d6aa91c335a3b24773ae213a2da9ba
────────────────────────────────────────────────────────────────────────────────
RESP HEADERS:

RESP BODY (30 bytes):
All connection attempts failed

================================================================================
[0274] 17:52:22.943  POST https://server.self-serve.windsurf.com/exa.product_analytics_pb.ProductAnalyticsService/RecordAnalyticsEvent  → 502  (55331ms)
────────────────────────────────────────────────────────────────────────────────
REQ HEADERS:
  host: server.self-serve.windsurf.com
  user-agent: connect-go/1.18.1 (go1.26.1)
  content-length: 849
  accept-encoding: gzip
  connect-protocol-version: 1
  content-type: application/proto

REQ BODY (849 bytes):

ACKNOWLEDGE_CASCADE_CODE_EDIT�devin-session-token$eyJhbGciOiJIUzI1NiIsInR5cCI6IkpXVCJ9.eyJzZXNzaW9uX2lkIjoid2luZHN1cmYtc2Vzc2lvbi1kNzk3YTBlMjhmMmM0ZDEwYjUwNzExODQyZDhjNjFiNiJ9.KwRzyD6mjtVcGhcXl4552yAasQHh_hF0dtXTlJdAQhc"windsurf-next*linux21.48.2:2.0.1061J5
trajectory_id$fa60775e-e61d-42a8-b52a-0d368ec16c02J
user_deletions0J
overall_deletions3J0
cascade_step_indices1201,1203,1205,1248,1266J
user_step_indices J6
file_uri*file:///mnt/DSMIL/HIGH-GRAVITY/hg_start.shJ6
acknowledge_id$abf2fee2-007e-44c2-927f-1dce155c41dfJ
segment_index0J
cascade_insertions90J
cascade_deletions3J
user_insertions0J
overall_insertions90J2

cascade_id$ff9fd166-9946-4568-ab43-f6d553e0e94db�ae4eb2dcd298f91d5c7ac8f5d91d4c1941f0067a9f0fcc42190d45350c88a0b7c39c3c62f0f48b8c65a2bfb3c76080a778d6aa91c335a3b24773ae213a2da9ba
────────────────────────────────────────────────────────────────────────────────
RESP HEADERS:

RESP BODY (30 bytes):
All connection attempts failed

================================================================================
[0275] 17:52:22.943  POST https://server.self-serve.windsurf.com/exa.product_analytics_pb.ProductAnalyticsService/RecordAnalyticsEvent  → 502  (55328ms)
────────────────────────────────────────────────────────────────────────────────
REQ HEADERS:
  host: server.self-serve.windsurf.com
  user-agent: connect-go/1.18.1 (go1.26.1)
  content-length: 255
  accept-encoding: gzip
  connect-protocol-version: 1
  content-type: application/proto

REQ BODY (255 bytes):

CASCADE_STEP_COMPLETED*linuxJ
is_tool_calltrueJ
modelswe-1-6J

step_index1201J5
trajectory_id$fa60775e-e61d-42a8-b52a-0d368ec16c02J$
typeCORTEX_STEP_TYPE_CODE_ACTIONJ!
statusCORTEX_STEP_STATUS_DONEJ"
sourceCORTEX_STEP_SOURCE_MODEL
────────────────────────────────────────────────────────────────────────────────
RESP HEADERS:

RESP BODY (30 bytes):
All connection attempts failed

================================================================================
[0276] 17:52:22.943  POST https://server.self-serve.windsurf.com/exa.product_analytics_pb.ProductAnalyticsService/RecordAnalyticsEvent  → 502  (55297ms)
────────────────────────────────────────────────────────────────────────────────
REQ HEADERS:
  host: server.self-serve.windsurf.com
  user-agent: connect-go/1.18.1 (go1.26.1)
  content-length: 255
  accept-encoding: gzip
  connect-protocol-version: 1
  content-type: application/proto

REQ BODY (255 bytes):

CASCADE_STEP_COMPLETED*linuxJ"
sourceCORTEX_STEP_SOURCE_MODELJ
is_tool_calltrueJ
modelswe-1-6J

step_index1203J5
trajectory_id$fa60775e-e61d-42a8-b52a-0d368ec16c02J$
typeCORTEX_STEP_TYPE_CODE_ACTIONJ!
statusCORTEX_STEP_STATUS_DONE
────────────────────────────────────────────────────────────────────────────────
RESP HEADERS:

RESP BODY (30 bytes):
All connection attempts failed

================================================================================
[0277] 17:52:22.944  POST https://server.self-serve.windsurf.com/exa.product_analytics_pb.ProductAnalyticsService/RecordAnalyticsEvent  → 502  (55278ms)
────────────────────────────────────────────────────────────────────────────────
REQ HEADERS:
  host: server.self-serve.windsurf.com
  user-agent: connect-go/1.18.1 (go1.26.1)
  content-length: 255
  accept-encoding: gzip
  connect-protocol-version: 1
  content-type: application/proto

REQ BODY (255 bytes):

CASCADE_STEP_COMPLETED*linuxJ5
trajectory_id$fa60775e-e61d-42a8-b52a-0d368ec16c02J$
typeCORTEX_STEP_TYPE_CODE_ACTIONJ!
statusCORTEX_STEP_STATUS_DONEJ"
sourceCORTEX_STEP_SOURCE_MODELJ
is_tool_calltrueJ
modelswe-1-6J

step_index1205
────────────────────────────────────────────────────────────────────────────────
RESP HEADERS:

RESP BODY (30 bytes):
All connection attempts failed

================================================================================
[0278] 17:52:22.944  POST https://server.self-serve.windsurf.com/exa.product_analytics_pb.ProductAnalyticsService/RecordAnalyticsEvent  → 502  (55260ms)
────────────────────────────────────────────────────────────────────────────────
REQ HEADERS:
  host: server.self-serve.windsurf.com
  user-agent: connect-go/1.18.1 (go1.26.1)
  content-length: 255
  accept-encoding: gzip
  connect-protocol-version: 1
  content-type: application/proto

REQ BODY (255 bytes):

CASCADE_STEP_COMPLETED*linuxJ
is_tool_calltrueJ
modelswe-1-6J

step_index1248J5
trajectory_id$fa60775e-e61d-42a8-b52a-0d368ec16c02J$
typeCORTEX_STEP_TYPE_CODE_ACTIONJ!
statusCORTEX_STEP_STATUS_DONEJ"
sourceCORTEX_STEP_SOURCE_MODEL
────────────────────────────────────────────────────────────────────────────────
RESP HEADERS:

RESP BODY (30 bytes):
All connection attempts failed

================================================================================
[0279] 17:52:22.944  POST https://server.self-serve.windsurf.com/exa.product_analytics_pb.ProductAnalyticsService/RecordAnalyticsEvent  → 502  (55252ms)
────────────────────────────────────────────────────────────────────────────────
REQ HEADERS:
  host: server.self-serve.windsurf.com
  user-agent: connect-go/1.18.1 (go1.26.1)
  content-length: 255
  accept-encoding: gzip
  connect-protocol-version: 1
  content-type: application/proto

REQ BODY (255 bytes):

CASCADE_STEP_COMPLETED*linuxJ
modelswe-1-6J

step_index1266J5
trajectory_id$fa60775e-e61d-42a8-b52a-0d368ec16c02J$
typeCORTEX_STEP_TYPE_CODE_ACTIONJ!
statusCORTEX_STEP_STATUS_DONEJ"
sourceCORTEX_STEP_SOURCE_MODELJ
is_tool_calltrue
────────────────────────────────────────────────────────────────────────────────
RESP HEADERS:

RESP BODY (30 bytes):
All connection attempts failed

================================================================================
[0280] 17:52:22.945  POST https://server.self-serve.windsurf.com/exa.seat_management_pb.SeatManagementService/GetUserStatus  → 502  (53687ms)
────────────────────────────────────────────────────────────────────────────────
REQ HEADERS:
  host: server.self-serve.windsurf.com
  user-agent: connect-go/1.18.1 (go1.26.1)
  content-length: 495
  accept-encoding: gzip
  connect-protocol-version: 1
  connect-timeout-ms: 4999
  content-type: application/proto

REQ BODY (495 bytes):

�
windsurf-next1.48.2�devin-session-token$eyJhbGciOiJIUzI1NiIsInR5cCI6IkpXVCJ9.eyJzZXNzaW9uX2lkIjoid2luZHN1cmYtc2Vzc2lvbi1kNzk3YTBlMjhmMmM0ZDEwYjUwNzExODQyZDhjNjFiNiJ9.KwRzyD6mjtVcGhcXl4552yAasQHh_hF0dtXTlJdAQhc"en*linux:2.0.1061HR$cd6af051-683f-4d74-ae91-a784b9371001bwindsurf-next�:/usr/share/windsurf-next/resources/app/extensions/windsurf��ae4eb2dcd298f91d5c7ac8f5d91d4c1941f0067a9f0fcc42190d45350c88a0b7c39c3c62f0f48b8c65a2bfb3c76080a778d6aa91c335a3b24773ae213a2da9ba�Unset
────────────────────────────────────────────────────────────────────────────────
RESP HEADERS:

RESP BODY (30 bytes):
All connection attempts failed

================================================================================
[0281] 17:52:22.945  POST https://server.self-serve.windsurf.com/exa.product_analytics_pb.ProductAnalyticsService/RecordAnalyticsEvent  → 502  (52299ms)
────────────────────────────────────────────────────────────────────────────────
REQ HEADERS:
  host: server.self-serve.windsurf.com
  user-agent: connect-go/1.18.1 (go1.26.1)
  content-length: 855
  accept-encoding: gzip
  connect-protocol-version: 1
  content-type: application/proto

REQ BODY (855 bytes):

ACKNOWLEDGE_CASCADE_CODE_EDIT�devin-session-token$eyJhbGciOiJIUzI1NiIsInR5cCI6IkpXVCJ9.eyJzZXNzaW9uX2lkIjoid2luZHN1cmYtc2Vzc2lvbi1kNzk3YTBlMjhmMmM0ZDEwYjUwNzExODQyZDhjNjFiNiJ9.KwRzyD6mjtVcGhcXl4552yAasQHh_hF0dtXTlJdAQhc"windsurf-next*linux21.48.2:2.0.1061J
cascade_deletions2J
user_insertions0J
overall_deletions2J
user_step_indices J5
trajectory_id$fa60775e-e61d-42a8-b52a-0d368ec16c02J
cascade_insertions40J
user_deletions0J
overall_insertions40J+
cascade_step_indices1243,1246,1250,1264JA
file_uri5file:///mnt/DSMIL/HIGH-GRAVITY/tools/sniff_cascade.pyJ6
acknowledge_id$fa257480-b302-40fc-9906-6718cf23472bJ2

cascade_id$ff9fd166-9946-4568-ab43-f6d553e0e94dJ
segment_index0b�ae4eb2dcd298f91d5c7ac8f5d91d4c1941f0067a9f0fcc42190d45350c88a0b7c39c3c62f0f48b8c65a2bfb3c76080a778d6aa91c335a3b24773ae213a2da9ba
────────────────────────────────────────────────────────────────────────────────
RESP HEADERS:

RESP BODY (30 bytes):
All connection attempts failed

================================================================================
[0282] 17:52:22.945  POST https://server.self-serve.windsurf.com/exa.api_server_pb.ApiServerService/GetModelStatuses  → 502  (59375ms)
────────────────────────────────────────────────────────────────────────────────
REQ HEADERS:
  host: server.self-serve.windsurf.com
  connection: keep-alive
  accept: */*
  user-agent: connect-go/1.18.1 (go1.26.1)
  accept-encoding: gzip
  connect-protocol-version: 1
  content-encoding: gzip
  content-type: application/proto
  content-length: 1385

REQ BODY (19 bytes):
<binary 1385 bytes>
────────────────────────────────────────────────────────────────────────────────
RESP HEADERS:
  date: Mon, 20 Apr 2026 16:51:23 GMT
  server: uvicorn
  content-length: 30

RESP BODY (30 bytes):
All connection attempts failed

================================================================================
[0283] 17:52:22.946  POST https://server.self-serve.windsurf.com/exa.seat_management_pb.SeatManagementService/GetUserStatus  → 502  (59362ms)
────────────────────────────────────────────────────────────────────────────────
REQ HEADERS:
  host: server.self-serve.windsurf.com
  connection: keep-alive
  accept: */*
  user-agent: connect-go/1.18.1 (go1.26.1)
  accept-encoding: gzip
  connect-protocol-version: 1
  connect-timeout-ms: 4999
  content-type: application/proto
  content-length: 495

REQ BODY (495 bytes):

�
windsurf-next1.48.2�devin-session-token$eyJhbGciOiJIUzI1NiIsInR5cCI6IkpXVCJ9.eyJzZXNzaW9uX2lkIjoid2luZHN1cmYtc2Vzc2lvbi1kNzk3YTBlMjhmMmM0ZDEwYjUwNzExODQyZDhjNjFiNiJ9.KwRzyD6mjtVcGhcXl4552yAasQHh_hF0dtXTlJdAQhc"en*linux:2.0.1061HR$cd6af051-683f-4d74-ae91-a784b9371001bwindsurf-next�:/usr/share/windsurf-next/resources/app/extensions/windsurf��ae4eb2dcd298f91d5c7ac8f5d91d4c1941f0067a9f0fcc42190d45350c88a0b7c39c3c62f0f48b8c65a2bfb3c76080a778d6aa91c335a3b24773ae213a2da9ba�Unset
────────────────────────────────────────────────────────────────────────────────
RESP HEADERS:
  date: Mon, 20 Apr 2026 16:51:23 GMT
  server: uvicorn
  content-length: 30

RESP BODY (30 bytes):
All connection attempts failed

================================================================================
[0284] 17:52:22.946  POST https://server.self-serve.windsurf.com/exa.seat_management_pb.SeatManagementService/GetUserStatus  → 502  (59361ms)
────────────────────────────────────────────────────────────────────────────────
REQ HEADERS:
  host: server.self-serve.windsurf.com
  connection: keep-alive
  accept: */*
  user-agent: connect-go/1.18.1 (go1.26.1)
  accept-encoding: gzip
  connect-protocol-version: 1
  connect-timeout-ms: 4999
  content-type: application/proto
  content-length: 253

REQ BODY (253 bytes):

�
windsurf-next1.48.2�devin-session-token$eyJhbGciOiJIUzI1NiIsInR5cCI6IkpXVCJ9.eyJzZXNzaW9uX2lkIjoid2luZHN1cmYtc2Vzc2lvbi1kNzk3YTBlMjhmMmM0ZDEwYjUwNzExODQyZDhjNjFiNiJ9.KwRzyD6mjtVcGhcXl4552yAasQHh_hF0dtXTlJdAQhc"en:2.0.1061bwindsurf-next� 
────────────────────────────────────────────────────────────────────────────────
RESP HEADERS:
  date: Mon, 20 Apr 2026 16:51:23 GMT
  server: uvicorn
  content-length: 30

RESP BODY (30 bytes):
All connection attempts failed

================================================================================
[0285] 17:52:22.947  POST https://server.self-serve.windsurf.com/exa.seat_management_pb.SeatManagementService/GetUserStatus  → 502  (59348ms)
────────────────────────────────────────────────────────────────────────────────
REQ HEADERS:
  host: server.self-serve.windsurf.com
  connection: keep-alive
  accept: */*
  user-agent: connect-go/1.18.1 (go1.26.1)
  accept-encoding: gzip
  connect-protocol-version: 1
  connect-timeout-ms: 4999
  content-type: application/proto
  content-length: 495

REQ BODY (495 bytes):

�
windsurf-next1.48.2�devin-session-token$eyJhbGciOiJIUzI1NiIsInR5cCI6IkpXVCJ9.eyJzZXNzaW9uX2lkIjoid2luZHN1cmYtc2Vzc2lvbi1kNzk3YTBlMjhmMmM0ZDEwYjUwNzExODQyZDhjNjFiNiJ9.KwRzyD6mjtVcGhcXl4552yAasQHh_hF0dtXTlJdAQhc"en*linux:2.0.1061HR$cd6af051-683f-4d74-ae91-a784b9371001bwindsurf-next�:/usr/share/windsurf-next/resources/app/extensions/windsurf��ae4eb2dcd298f91d5c7ac8f5d91d4c1941f0067a9f0fcc42190d45350c88a0b7c39c3c62f0f48b8c65a2bfb3c76080a778d6aa91c335a3b24773ae213a2da9ba�Unset
────────────────────────────────────────────────────────────────────────────────
RESP HEADERS:
  date: Mon, 20 Apr 2026 16:51:23 GMT
  server: uvicorn
  content-length: 30

RESP BODY (30 bytes):
All connection attempts failed

================================================================================
[0286] 17:52:22.947  POST https://server.self-serve.windsurf.com/exa.seat_management_pb.SeatManagementService/GetUserStatus  → 502  (59345ms)
────────────────────────────────────────────────────────────────────────────────
REQ HEADERS:
  host: server.self-serve.windsurf.com
  connection: keep-alive
  accept: */*
  user-agent: connect-go/1.18.1 (go1.26.1)
  accept-encoding: gzip
  connect-protocol-version: 1
  connect-timeout-ms: 4999
  content-type: application/proto
  content-length: 495

REQ BODY (495 bytes):

�
windsurf-next1.48.2�devin-session-token$eyJhbGciOiJIUzI1NiIsInR5cCI6IkpXVCJ9.eyJzZXNzaW9uX2lkIjoid2luZHN1cmYtc2Vzc2lvbi1kNzk3YTBlMjhmMmM0ZDEwYjUwNzExODQyZDhjNjFiNiJ9.KwRzyD6mjtVcGhcXl4552yAasQHh_hF0dtXTlJdAQhc"en*linux:2.0.1061HR$cd6af051-683f-4d74-ae91-a784b9371001bwindsurf-next�:/usr/share/windsurf-next/resources/app/extensions/windsurf��ae4eb2dcd298f91d5c7ac8f5d91d4c1941f0067a9f0fcc42190d45350c88a0b7c39c3c62f0f48b8c65a2bfb3c76080a778d6aa91c335a3b24773ae213a2da9ba�Unset
────────────────────────────────────────────────────────────────────────────────
RESP HEADERS:
  date: Mon, 20 Apr 2026 16:51:23 GMT
  server: uvicorn
  content-length: 30

RESP BODY (30 bytes):
All connection attempts failed

================================================================================
[0287] 17:52:22.947  POST https://server.self-serve.windsurf.com/exa.seat_management_pb.SeatManagementService/GetUserStatus  → 502  (59344ms)
────────────────────────────────────────────────────────────────────────────────
REQ HEADERS:
  host: server.self-serve.windsurf.com
  connection: keep-alive
  accept: */*
  user-agent: connect-go/1.18.1 (go1.26.1)
  accept-encoding: gzip
  connect-protocol-version: 1
  connect-timeout-ms: 4999
  content-type: application/proto
  content-length: 495

REQ BODY (495 bytes):

�
windsurf-next1.48.2�devin-session-token$eyJhbGciOiJIUzI1NiIsInR5cCI6IkpXVCJ9.eyJzZXNzaW9uX2lkIjoid2luZHN1cmYtc2Vzc2lvbi1kNzk3YTBlMjhmMmM0ZDEwYjUwNzExODQyZDhjNjFiNiJ9.KwRzyD6mjtVcGhcXl4552yAasQHh_hF0dtXTlJdAQhc"en*linux:2.0.1061HR$cd6af051-683f-4d74-ae91-a784b9371001bwindsurf-next�:/usr/share/windsurf-next/resources/app/extensions/windsurf��ae4eb2dcd298f91d5c7ac8f5d91d4c1941f0067a9f0fcc42190d45350c88a0b7c39c3c62f0f48b8c65a2bfb3c76080a778d6aa91c335a3b24773ae213a2da9ba�Unset
────────────────────────────────────────────────────────────────────────────────
RESP HEADERS:
  date: Mon, 20 Apr 2026 16:51:23 GMT
  server: uvicorn
  content-length: 30

RESP BODY (30 bytes):
All connection attempts failed

================================================================================
[0288] 17:52:22.948  POST https://server.self-serve.windsurf.com/exa.seat_management_pb.SeatManagementService/GetUserStatus  → 502  (59796ms)
────────────────────────────────────────────────────────────────────────────────
REQ HEADERS:
  host: server.self-serve.windsurf.com
  accept: */*
  connection: keep-alive
  user-agent: connect-go/1.18.1 (go1.26.1)
  accept-encoding: gzip
  connect-protocol-version: 1
  connect-timeout-ms: 4999
  content-type: application/proto
  content-length: 253

REQ BODY (253 bytes):

�
windsurf-next1.48.2�devin-session-token$eyJhbGciOiJIUzI1NiIsInR5cCI6IkpXVCJ9.eyJzZXNzaW9uX2lkIjoid2luZHN1cmYtc2Vzc2lvbi1kNzk3YTBlMjhmMmM0ZDEwYjUwNzExODQyZDhjNjFiNiJ9.KwRzyD6mjtVcGhcXl4552yAasQHh_hF0dtXTlJdAQhc"en:2.0.1061bwindsurf-next� 
────────────────────────────────────────────────────────────────────────────────
RESP HEADERS:
  date: Mon, 20 Apr 2026 16:51:22 GMT, Mon, 20 Apr 2026 16:51:23 GMT
  server: uvicorn, uvicorn
  content-length: 30

RESP BODY (30 bytes):
All connection attempts failed

================================================================================
[0289] 17:52:22.952  POST https://server.self-serve.windsurf.com/exa.seat_management_pb.SeatManagementService/GetUserStatus  → 502  (59339ms)
────────────────────────────────────────────────────────────────────────────────
REQ HEADERS:
  host: server.self-serve.windsurf.com
  connection: keep-alive
  accept: */*
  user-agent: connect-go/1.18.1 (go1.26.1)
  accept-encoding: gzip
  connect-protocol-version: 1
  connect-timeout-ms: 4999
  content-type: application/proto
  content-length: 495

REQ BODY (495 bytes):

�
windsurf-next1.48.2�devin-session-token$eyJhbGciOiJIUzI1NiIsInR5cCI6IkpXVCJ9.eyJzZXNzaW9uX2lkIjoid2luZHN1cmYtc2Vzc2lvbi1kNzk3YTBlMjhmMmM0ZDEwYjUwNzExODQyZDhjNjFiNiJ9.KwRzyD6mjtVcGhcXl4552yAasQHh_hF0dtXTlJdAQhc"en*linux:2.0.1061HR$cd6af051-683f-4d74-ae91-a784b9371001bwindsurf-next�:/usr/share/windsurf-next/resources/app/extensions/windsurf��ae4eb2dcd298f91d5c7ac8f5d91d4c1941f0067a9f0fcc42190d45350c88a0b7c39c3c62f0f48b8c65a2bfb3c76080a778d6aa91c335a3b24773ae213a2da9ba�Unset
────────────────────────────────────────────────────────────────────────────────
RESP HEADERS:
  date: Mon, 20 Apr 2026 16:51:23 GMT
  server: uvicorn
  content-length: 30

RESP BODY (30 bytes):
All connection attempts failed

================================================================================
[0290] 17:52:22.953  POST https://server.self-serve.windsurf.com/exa.seat_management_pb.SeatManagementService/GetUserStatus  → 502  (59328ms)
────────────────────────────────────────────────────────────────────────────────
REQ HEADERS:
  host: server.self-serve.windsurf.com
  connection: keep-alive
  accept: */*
  user-agent: connect-go/1.18.1 (go1.26.1)
  accept-encoding: gzip
  connect-protocol-version: 1
  connect-timeout-ms: 4999
  content-type: application/proto
  content-length: 495

REQ BODY (495 bytes):

�
windsurf-next1.48.2�devin-session-token$eyJhbGciOiJIUzI1NiIsInR5cCI6IkpXVCJ9.eyJzZXNzaW9uX2lkIjoid2luZHN1cmYtc2Vzc2lvbi1kNzk3YTBlMjhmMmM0ZDEwYjUwNzExODQyZDhjNjFiNiJ9.KwRzyD6mjtVcGhcXl4552yAasQHh_hF0dtXTlJdAQhc"en*linux:2.0.1061HR$cd6af051-683f-4d74-ae91-a784b9371001bwindsurf-next�:/usr/share/windsurf-next/resources/app/extensions/windsurf��ae4eb2dcd298f91d5c7ac8f5d91d4c1941f0067a9f0fcc42190d45350c88a0b7c39c3c62f0f48b8c65a2bfb3c76080a778d6aa91c335a3b24773ae213a2da9ba�Unset
────────────────────────────────────────────────────────────────────────────────
RESP HEADERS:
  date: Mon, 20 Apr 2026 16:51:23 GMT
  server: uvicorn
  content-length: 30

RESP BODY (30 bytes):
All connection attempts failed

================================================================================
[0291] 17:52:22.954  GET https://unleash.codeium.com/api/client/features  → 502  (59327ms)
────────────────────────────────────────────────────────────────────────────────
REQ HEADERS:
  host: unleash.codeium.com
  connection: keep-alive
  accept: */*
  user-agent: codeium-language-server
  authorization: *:production.ead56b5...
  unleash-appname: codeium-language-server
  unleash-client-spec: 4.3.1
  unleash-instanceid: john-server-node
  accept-encoding: gzip
────────────────────────────────────────────────────────────────────────────────
RESP HEADERS:
  date: Mon, 20 Apr 2026 16:51:23 GMT
  server: uvicorn
  content-length: 30

RESP BODY (30 bytes):
All connection attempts failed

================================================================================
[0292] 17:52:22.954  POST https://server.self-serve.windsurf.com/exa.seat_management_pb.SeatManagementService/GetUserStatus  → 502  (59770ms)
────────────────────────────────────────────────────────────────────────────────
REQ HEADERS:
  host: server.self-serve.windsurf.com
  accept: */*
  connection: keep-alive
  user-agent: connect-go/1.18.1 (go1.26.1)
  accept-encoding: gzip
  connect-protocol-version: 1
  connect-timeout-ms: 4999
  content-type: application/proto
  content-length: 495

REQ BODY (495 bytes):

�
windsurf-next1.48.2�devin-session-token$eyJhbGciOiJIUzI1NiIsInR5cCI6IkpXVCJ9.eyJzZXNzaW9uX2lkIjoid2luZHN1cmYtc2Vzc2lvbi1kNzk3YTBlMjhmMmM0ZDEwYjUwNzExODQyZDhjNjFiNiJ9.KwRzyD6mjtVcGhcXl4552yAasQHh_hF0dtXTlJdAQhc"en*linux:2.0.1061HR$cd6af051-683f-4d74-ae91-a784b9371001bwindsurf-next�:/usr/share/windsurf-next/resources/app/extensions/windsurf��ae4eb2dcd298f91d5c7ac8f5d91d4c1941f0067a9f0fcc42190d45350c88a0b7c39c3c62f0f48b8c65a2bfb3c76080a778d6aa91c335a3b24773ae213a2da9ba�Unset
────────────────────────────────────────────────────────────────────────────────
RESP HEADERS:
  date: Mon, 20 Apr 2026 16:51:22 GMT, Mon, 20 Apr 2026 16:51:23 GMT
  server: uvicorn, uvicorn
  content-length: 30

RESP BODY (30 bytes):
All connection attempts failed

================================================================================
[0293] 17:52:22.955  POST https://server.self-serve.windsurf.com/exa.auth_pb.AuthService/GetUserJwt  → 502  (59746ms)
────────────────────────────────────────────────────────────────────────────────
REQ HEADERS:
  host: server.self-serve.windsurf.com
  accept: */*
  connection: keep-alive
  user-agent: connect-go/1.18.1 (go1.26.1)
  accept-encoding: gzip
  connect-protocol-version: 1
  connect-timeout-ms: 9999
  content-type: application/proto
  content-length: 253

REQ BODY (253 bytes):

�
windsurf-next1.48.2�devin-session-token$eyJhbGciOiJIUzI1NiIsInR5cCI6IkpXVCJ9.eyJzZXNzaW9uX2lkIjoid2luZHN1cmYtc2Vzc2lvbi1kNzk3YTBlMjhmMmM0ZDEwYjUwNzExODQyZDhjNjFiNiJ9.KwRzyD6mjtVcGhcXl4552yAasQHh_hF0dtXTlJdAQhc"en:2.0.1061bwindsurf-next� 
────────────────────────────────────────────────────────────────────────────────
RESP HEADERS:
  date: Mon, 20 Apr 2026 16:51:22 GMT, Mon, 20 Apr 2026 16:51:23 GMT
  server: uvicorn, uvicorn
  content-length: 30

RESP BODY (30 bytes):
All connection attempts failed

================================================================================
[0294] 17:52:22.955  POST https://server.self-serve.windsurf.com/exa.seat_management_pb.SeatManagementService/GetUserStatus  → 502  (59741ms)
────────────────────────────────────────────────────────────────────────────────
REQ HEADERS:
  host: server.self-serve.windsurf.com
  accept: */*
  connection: keep-alive
  user-agent: connect-go/1.18.1 (go1.26.1)
  accept-encoding: gzip
  connect-protocol-version: 1
  connect-timeout-ms: 4999
  content-type: application/proto
  content-length: 495

REQ BODY (495 bytes):

�
windsurf-next1.48.2�devin-session-token$eyJhbGciOiJIUzI1NiIsInR5cCI6IkpXVCJ9.eyJzZXNzaW9uX2lkIjoid2luZHN1cmYtc2Vzc2lvbi1kNzk3YTBlMjhmMmM0ZDEwYjUwNzExODQyZDhjNjFiNiJ9.KwRzyD6mjtVcGhcXl4552yAasQHh_hF0dtXTlJdAQhc"en*linux:2.0.1061HR$cd6af051-683f-4d74-ae91-a784b9371001bwindsurf-next�:/usr/share/windsurf-next/resources/app/extensions/windsurf��ae4eb2dcd298f91d5c7ac8f5d91d4c1941f0067a9f0fcc42190d45350c88a0b7c39c3c62f0f48b8c65a2bfb3c76080a778d6aa91c335a3b24773ae213a2da9ba�Unset
────────────────────────────────────────────────────────────────────────────────
RESP HEADERS:
  date: Mon, 20 Apr 2026 16:51:22 GMT, Mon, 20 Apr 2026 16:51:23 GMT
  server: uvicorn, uvicorn
  content-length: 30

RESP BODY (30 bytes):
All connection attempts failed

================================================================================
[0295] 17:52:22.956  POST https://server.self-serve.windsurf.com/exa.seat_management_pb.SeatManagementService/GetUserStatus  → 502  (59728ms)
────────────────────────────────────────────────────────────────────────────────
REQ HEADERS:
  host: server.self-serve.windsurf.com
  accept: */*
  connection: keep-alive
  user-agent: connect-go/1.18.1 (go1.26.1)
  accept-encoding: gzip
  connect-protocol-version: 1
  connect-timeout-ms: 4999
  content-type: application/proto
  content-length: 253

REQ BODY (253 bytes):

�
windsurf-next1.48.2�devin-session-token$eyJhbGciOiJIUzI1NiIsInR5cCI6IkpXVCJ9.eyJzZXNzaW9uX2lkIjoid2luZHN1cmYtc2Vzc2lvbi1kNzk3YTBlMjhmMmM0ZDEwYjUwNzExODQyZDhjNjFiNiJ9.KwRzyD6mjtVcGhcXl4552yAasQHh_hF0dtXTlJdAQhc"en:2.0.1061bwindsurf-next� 
────────────────────────────────────────────────────────────────────────────────
RESP HEADERS:
  date: Mon, 20 Apr 2026 16:51:22 GMT, Mon, 20 Apr 2026 16:51:23 GMT
  server: uvicorn, uvicorn
  content-length: 30

RESP BODY (30 bytes):
All connection attempts failed

================================================================================
[0296] 17:52:22.956  POST https://server.self-serve.windsurf.com/exa.seat_management_pb.SeatManagementService/GetUserStatus  → 502  (59713ms)
────────────────────────────────────────────────────────────────────────────────
REQ HEADERS:
  host: server.self-serve.windsurf.com
  accept: */*
  connection: keep-alive
  user-agent: connect-go/1.18.1 (go1.26.1)
  accept-encoding: gzip
  connect-protocol-version: 1
  connect-timeout-ms: 4999
  content-type: application/proto
  content-length: 495

REQ BODY (495 bytes):

�
windsurf-next1.48.2�devin-session-token$eyJhbGciOiJIUzI1NiIsInR5cCI6IkpXVCJ9.eyJzZXNzaW9uX2lkIjoid2luZHN1cmYtc2Vzc2lvbi1kNzk3YTBlMjhmMmM0ZDEwYjUwNzExODQyZDhjNjFiNiJ9.KwRzyD6mjtVcGhcXl4552yAasQHh_hF0dtXTlJdAQhc"en*linux:2.0.1061HR$cd6af051-683f-4d74-ae91-a784b9371001bwindsurf-next�:/usr/share/windsurf-next/resources/app/extensions/windsurf��ae4eb2dcd298f91d5c7ac8f5d91d4c1941f0067a9f0fcc42190d45350c88a0b7c39c3c62f0f48b8c65a2bfb3c76080a778d6aa91c335a3b24773ae213a2da9ba�Unset
────────────────────────────────────────────────────────────────────────────────
RESP HEADERS:
  date: Mon, 20 Apr 2026 16:51:22 GMT, Mon, 20 Apr 2026 16:51:23 GMT
  server: uvicorn, uvicorn
  content-length: 30

RESP BODY (30 bytes):
All connection attempts failed

================================================================================
[0297] 17:52:22.957  POST https://server.self-serve.windsurf.com/exa.seat_management_pb.SeatManagementService/GetUserStatus  → 502  (101019ms)
────────────────────────────────────────────────────────────────────────────────
REQ HEADERS:
  host: server.self-serve.windsurf.com
  user-agent: connect-go/1.18.1 (go1.26.1)
  content-length: 253
  accept-encoding: gzip
  connect-protocol-version: 1
  connect-timeout-ms: 4999
  content-type: application/proto

REQ BODY (253 bytes):

�
windsurf-next1.48.2�devin-session-token$eyJhbGciOiJIUzI1NiIsInR5cCI6IkpXVCJ9.eyJzZXNzaW9uX2lkIjoid2luZHN1cmYtc2Vzc2lvbi1kNzk3YTBlMjhmMmM0ZDEwYjUwNzExODQyZDhjNjFiNiJ9.KwRzyD6mjtVcGhcXl4552yAasQHh_hF0dtXTlJdAQhc"en:2.0.1061bwindsurf-next� 
────────────────────────────────────────────────────────────────────────────────
RESP HEADERS:
  date: Mon, 20 Apr 2026 16:51:22 GMT, Mon, 20 Apr 2026 16:51:22 GMT, Mon, 20 Apr 2026 16:51:23 GMT
  server: uvicorn, uvicorn, uvicorn
  content-length: 30

RESP BODY (30 bytes):
All connection attempts failed

================================================================================
[0298] 17:52:22.957  POST https://server.self-serve.windsurf.com/exa.seat_management_pb.SeatManagementService/GetUserStatus  → 502  (98707ms)
────────────────────────────────────────────────────────────────────────────────
REQ HEADERS:
  host: server.self-serve.windsurf.com
  user-agent: connect-go/1.18.1 (go1.26.1)
  content-length: 495
  accept-encoding: gzip
  connect-protocol-version: 1
  connect-timeout-ms: 4999
  content-type: application/proto

REQ BODY (495 bytes):

�
windsurf-next1.48.2�devin-session-token$eyJhbGciOiJIUzI1NiIsInR5cCI6IkpXVCJ9.eyJzZXNzaW9uX2lkIjoid2luZHN1cmYtc2Vzc2lvbi1kNzk3YTBlMjhmMmM0ZDEwYjUwNzExODQyZDhjNjFiNiJ9.KwRzyD6mjtVcGhcXl4552yAasQHh_hF0dtXTlJdAQhc"en*linux:2.0.1061HR$cd6af051-683f-4d74-ae91-a784b9371001bwindsurf-next�:/usr/share/windsurf-next/resources/app/extensions/windsurf��ae4eb2dcd298f91d5c7ac8f5d91d4c1941f0067a9f0fcc42190d45350c88a0b7c39c3c62f0f48b8c65a2bfb3c76080a778d6aa91c335a3b24773ae213a2da9ba�Unset
────────────────────────────────────────────────────────────────────────────────
RESP HEADERS:
  date: Mon, 20 Apr 2026 16:51:22 GMT, Mon, 20 Apr 2026 16:51:22 GMT, Mon, 20 Apr 2026 16:51:23 GMT
  server: uvicorn, uvicorn, uvicorn
  content-length: 30

RESP BODY (30 bytes):
All connection attempts failed

================================================================================
[0299] 17:52:22.960  POST https://server.self-serve.windsurf.com/exa.product_analytics_pb.ProductAnalyticsService/RecordAnalyticsEvent  → 502  (52311ms)
────────────────────────────────────────────────────────────────────────────────
REQ HEADERS:
  host: server.self-serve.windsurf.com
  user-agent: connect-go/1.18.1 (go1.26.1)
  content-length: 855
  accept-encoding: gzip
  connect-protocol-version: 1
  content-type: application/proto

REQ BODY (855 bytes):

ACKNOWLEDGE_CASCADE_CODE_EDIT�devin-session-token$eyJhbGciOiJIUzI1NiIsInR5cCI6IkpXVCJ9.eyJzZXNzaW9uX2lkIjoid2luZHN1cmYtc2Vzc2lvbi1kNzk3YTBlMjhmMmM0ZDEwYjUwNzExODQyZDhjNjFiNiJ9.KwRzyD6mjtVcGhcXl4552yAasQHh_hF0dtXTlJdAQhc"windsurf-next*linux21.48.2:2.0.1061JA
file_uri5file:///mnt/DSMIL/HIGH-GRAVITY/tools/sniff_cascade.pyJ6
acknowledge_id$fde0ecf2-3f0d-4943-8e95-ed7deee86095J2

cascade_id$ff9fd166-9946-4568-ab43-f6d553e0e94dJ5
trajectory_id$fa60775e-e61d-42a8-b52a-0d368ec16c02J
segment_index0J
cascade_deletions2J
overall_insertions40J
overall_deletions2J
cascade_insertions40J
user_insertions0J
user_deletions0J+
cascade_step_indices1243,1246,1250,1264J
user_step_indices b�ae4eb2dcd298f91d5c7ac8f5d91d4c1941f0067a9f0fcc42190d45350c88a0b7c39c3c62f0f48b8c65a2bfb3c76080a778d6aa91c335a3b24773ae213a2da9ba
────────────────────────────────────────────────────────────────────────────────
RESP HEADERS:

RESP BODY (30 bytes):
All connection attempts failed

================================================================================
[0300] 17:52:22.960  POST https://server.self-serve.windsurf.com/exa.api_server_pb.ApiServerService/CheckChatCapacity  → 502  (97467ms)
────────────────────────────────────────────────────────────────────────────────
REQ HEADERS:
  host: server.self-serve.windsurf.com
  user-agent: connect-go/1.18.1 (go1.26.1)
  content-length: 1013
  accept-encoding: gzip
  connect-protocol-version: 1
  content-encoding: gzip
  content-type: application/proto

REQ BODY (1394 bytes):

�

windsurf-next1.48.2�devin-session-token$eyJhbGciOiJIUzI1NiIsInR5cCI6IkpXVCJ9.eyJzZXNzaW9uX2lkIjoid2luZHN1cmYtc2Vzc2lvbi1kNzk3YTBlMjhmMmM0ZDEwYjUwNzExODQyZDhjNjFiNiJ9.KwRzyD6mjtVcGhcXl4552yAasQHh_hF0dtXTlJdAQhc"en*�{"Os":"linux","Arch":"amd64","Release":"6.19.11+deb14-amd64","Version":"#1 SMP PREEMPT_DYNAMIC Debian 6.19.11-1 (2026-04-05)","Machine":"x86_64","Nodename":"server-node","Sysname":"Linux"}:2.0.1061B�{"NumSockets":1,"NumCores":4,"NumThreads":4,"VendorID":"GenuineIntel","Family":"6","Model":"60","ModelName":"Intel(R) Core(TM) i5-4670K CPU @ 3.40GHz","Memory":16250138624}bwindsurf-next� ��7bfb419a2ae5c2c75037005a6462f34f02ebc3a70a43a7c3da372d4482e1cde84902847952839a586cc4142cfdcd2d8ec4549b3aae59ae496466edee41ed21f106b96b6ed3fb8f539f7b1204dae2ec2a0150494d4dc571b19a796ef6529e70133bfffddde57f61c1fb1bd738b3f2318aa0ee16cf4f39b7f79d38c5f9a53240251a20b5cccc3596a1754ac4dd7730518066b2c5b7a117869e488030319ae5a66cdd6f97c6a378439d58fc21a3a6dbcaeb6385be92aa070861a70a0d0f6c77ebd2290e99e1ed5d300e7d39c9b6503e1e2008f7a709f92bd9285bb1e8957494714ded42e63bff0cba823d2991ff49be4ecf40034a902202dbe7373464363c90f4ba5fd84b8e2140a07d5f5abcc5aac184d17902fffbe2e139531aa93b2095d7029a7f51ccbd6cd1ef0e66f5e905b8ee087827d5875e6ae1017a4a001b1db423f6949f7a4483967edff081ebb96bc0bea8808fbf052d28d13500855c5e8f6f901438631e4992f6d2f246f6536798c0fc3ee2fc4535f3574a6f12f3ef04a8fdswe-1-6
────────────────────────────────────────────────────────────────────────────────
RESP HEADERS:
  date: Mon, 20 Apr 2026 16:51:22 GMT, Mon, 20 Apr 2026 16:51:22 GMT, Mon, 20 Apr 2026 16:51:23 GMT
  server: uvicorn, uvicorn, uvicorn
  content-length: 30

RESP BODY (30 bytes):
All connection attempts failed

================================================================================
[0301] 17:52:22.960  POST https://server.self-serve.windsurf.com/exa.seat_management_pb.SeatManagementService/GetUserStatus  → 502  (93714ms)
────────────────────────────────────────────────────────────────────────────────
REQ HEADERS:
  host: server.self-serve.windsurf.com
  user-agent: connect-go/1.18.1 (go1.26.1)
  content-length: 495
  accept-encoding: gzip
  connect-protocol-version: 1
  connect-timeout-ms: 4999
  content-type: application/proto

REQ BODY (495 bytes):

�
windsurf-next1.48.2�devin-session-token$eyJhbGciOiJIUzI1NiIsInR5cCI6IkpXVCJ9.eyJzZXNzaW9uX2lkIjoid2luZHN1cmYtc2Vzc2lvbi1kNzk3YTBlMjhmMmM0ZDEwYjUwNzExODQyZDhjNjFiNiJ9.KwRzyD6mjtVcGhcXl4552yAasQHh_hF0dtXTlJdAQhc"en*linux:2.0.1061HR$cd6af051-683f-4d74-ae91-a784b9371001bwindsurf-next�:/usr/share/windsurf-next/resources/app/extensions/windsurf��ae4eb2dcd298f91d5c7ac8f5d91d4c1941f0067a9f0fcc42190d45350c88a0b7c39c3c62f0f48b8c65a2bfb3c76080a778d6aa91c335a3b24773ae213a2da9ba�Unset
────────────────────────────────────────────────────────────────────────────────
RESP HEADERS:
  date: Mon, 20 Apr 2026 16:51:22 GMT, Mon, 20 Apr 2026 16:51:22 GMT, Mon, 20 Apr 2026 16:51:23 GMT
  server: uvicorn, uvicorn, uvicorn
  content-length: 30

RESP BODY (30 bytes):
All connection attempts failed

================================================================================
[0302] 17:52:22.966  POST https://server.self-serve.windsurf.com/exa.product_analytics_pb.ProductAnalyticsService/RecordAnalyticsEvent  → 502  (52312ms)
────────────────────────────────────────────────────────────────────────────────
REQ HEADERS:
  host: server.self-serve.windsurf.com
  user-agent: connect-go/1.18.1 (go1.26.1)
  content-length: 255
  accept-encoding: gzip
  connect-protocol-version: 1
  content-type: application/proto

REQ BODY (255 bytes):

CASCADE_STEP_COMPLETED*linuxJ"
sourceCORTEX_STEP_SOURCE_MODELJ
is_tool_calltrueJ
modelswe-1-6J

step_index1243J5
trajectory_id$fa60775e-e61d-42a8-b52a-0d368ec16c02J$
typeCORTEX_STEP_TYPE_CODE_ACTIONJ!
statusCORTEX_STEP_STATUS_DONE
────────────────────────────────────────────────────────────────────────────────
RESP HEADERS:

RESP BODY (30 bytes):
All connection attempts failed

================================================================================
[0303] 17:52:22.966  POST https://server.self-serve.windsurf.com/exa.product_analytics_pb.ProductAnalyticsService/RecordAnalyticsEvent  → 502  (52305ms)
────────────────────────────────────────────────────────────────────────────────
REQ HEADERS:
  host: server.self-serve.windsurf.com
  user-agent: connect-go/1.18.1 (go1.26.1)
  content-length: 255
  accept-encoding: gzip
  connect-protocol-version: 1
  content-type: application/proto

REQ BODY (255 bytes):

CASCADE_STEP_COMPLETED*linuxJ
modelswe-1-6J

step_index1246J5
trajectory_id$fa60775e-e61d-42a8-b52a-0d368ec16c02J$
typeCORTEX_STEP_TYPE_CODE_ACTIONJ!
statusCORTEX_STEP_STATUS_DONEJ"
sourceCORTEX_STEP_SOURCE_MODELJ
is_tool_calltrue
────────────────────────────────────────────────────────────────────────────────
RESP HEADERS:

RESP BODY (30 bytes):
All connection attempts failed

================================================================================
[0304] 17:52:22.966  POST https://server.self-serve.windsurf.com/exa.product_analytics_pb.ProductAnalyticsService/RecordAnalyticsEvent  → 502  (52253ms)
────────────────────────────────────────────────────────────────────────────────
REQ HEADERS:
  host: server.self-serve.windsurf.com
  user-agent: connect-go/1.18.1 (go1.26.1)
  content-length: 255
  accept-encoding: gzip
  connect-protocol-version: 1
  content-type: application/proto

REQ BODY (255 bytes):

CASCADE_STEP_COMPLETED*linuxJ5
trajectory_id$fa60775e-e61d-42a8-b52a-0d368ec16c02J$
typeCORTEX_STEP_TYPE_CODE_ACTIONJ!
statusCORTEX_STEP_STATUS_DONEJ"
sourceCORTEX_STEP_SOURCE_MODELJ
is_tool_calltrueJ
modelswe-1-6J

step_index1250
────────────────────────────────────────────────────────────────────────────────
RESP HEADERS:

RESP BODY (30 bytes):
All connection attempts failed

================================================================================
[0305] 17:52:22.967  POST https://server.self-serve.windsurf.com/exa.product_analytics_pb.ProductAnalyticsService/RecordAnalyticsEvent  → 502  (52246ms)
────────────────────────────────────────────────────────────────────────────────
REQ HEADERS:
  host: server.self-serve.windsurf.com
  user-agent: connect-go/1.18.1 (go1.26.1)
  content-length: 255
  accept-encoding: gzip
  connect-protocol-version: 1
  content-type: application/proto

REQ BODY (255 bytes):

CASCADE_STEP_COMPLETED*linuxJ!
statusCORTEX_STEP_STATUS_DONEJ"
sourceCORTEX_STEP_SOURCE_MODELJ
is_tool_calltrueJ
modelswe-1-6J

step_index1264J5
trajectory_id$fa60775e-e61d-42a8-b52a-0d368ec16c02J$
typeCORTEX_STEP_TYPE_CODE_ACTION
────────────────────────────────────────────────────────────────────────────────
RESP HEADERS:

RESP BODY (30 bytes):
All connection attempts failed

================================================================================
[0306] 17:52:22.967  GET https://unleash.codeium.com/api/client/features  → 502  (49293ms)
────────────────────────────────────────────────────────────────────────────────
REQ HEADERS:
  host: unleash.codeium.com
  user-agent: codeium-language-server
  authorization: *:production.ead56b5...
  unleash-appname: codeium-language-server
  unleash-client-spec: 4.3.1
  unleash-instanceid: john-server-node
  accept-encoding: gzip
────────────────────────────────────────────────────────────────────────────────
RESP HEADERS:

RESP BODY (30 bytes):
All connection attempts failed

================================================================================
[0307] 17:52:22.967  POST https://unleash.codeium.com/api/client/metrics  → 502  (49276ms)
────────────────────────────────────────────────────────────────────────────────
REQ HEADERS:
  host: unleash.codeium.com
  user-agent: codeium-language-server
  content-length: 922
  authorization: *:production.ead56b5...
  content-type: application/json
  unleash-appname: codeium-language-server
  unleash-instanceid: john-server-node
  accept-encoding: gzip

REQ BODY (922 bytes):
{"appName":"codeium-language-server","instanceId":"john-server-node","bucket":{"start":"2026-04-20T17:50:33.688111583+01:00","stop":"2026-04-20T17:51:33.688254205+01:00","toggles":{"API_SERVER_CLIENT_USE_HTTP_2":{"yes":1,"no":0,"variants":{"disabled":1}},"CASCADE_SKILLS_ENABLED":{"yes":2,"no":0,"variants":{"disabled":2}},"PERSIST_CODE_TRACKER":{"yes":1,"no":0,"variants":{"disabled":1}},"SENTRY":{"yes":23,"no":0,"variants":{"always":23}},"all-telemetry-kill-switch":{"yes":0,"no":13,"variants":{"disabled":13}},"banned-extensions":{"yes":1,"no":0,"variants":{"default":1}},"http-client-timeout-seconds":{"yes":1,"no":0,"variants":{"windsurf-next":1}},"inference-server-url":{"yes":0,"no":1,"variants":{"disabled":1}},"jwt-refresh-interval":{"yes":1,"no":0,"variants":{"Default":1}}}},"platformVersion":"go1.26.1","platformName":"go","yggdrasilVersion":null,"sdkVersion":"unleash-client-go:4.1.4","specVersion":"4.3.1"}

────────────────────────────────────────────────────────────────────────────────
RESP HEADERS:

RESP BODY (30 bytes):
All connection attempts failed

================================================================================
[0308] 17:52:22.967  POST https://server.self-serve.windsurf.com/exa.auth_pb.AuthService/GetUserJwt  → 502  (49046ms)
────────────────────────────────────────────────────────────────────────────────
REQ HEADERS:
  host: server.self-serve.windsurf.com
  user-agent: connect-go/1.18.1 (go1.26.1)
  content-length: 253
  accept-encoding: gzip
  connect-protocol-version: 1
  connect-timeout-ms: 9999
  content-type: application/proto

REQ BODY (253 bytes):

�
windsurf-next1.48.2�devin-session-token$eyJhbGciOiJIUzI1NiIsInR5cCI6IkpXVCJ9.eyJzZXNzaW9uX2lkIjoid2luZHN1cmYtc2Vzc2lvbi1kNzk3YTBlMjhmMmM0ZDEwYjUwNzExODQyZDhjNjFiNiJ9.KwRzyD6mjtVcGhcXl4552yAasQHh_hF0dtXTlJdAQhc"en:2.0.1061bwindsurf-next� 
────────────────────────────────────────────────────────────────────────────────
RESP HEADERS:

RESP BODY (30 bytes):
All connection attempts failed

================================================================================
[0309] 17:52:22.968  POST https://server.self-serve.windsurf.com/exa.seat_management_pb.SeatManagementService/GetUserStatus  → 502  (48711ms)
────────────────────────────────────────────────────────────────────────────────
REQ HEADERS:
  host: server.self-serve.windsurf.com
  user-agent: connect-go/1.18.1 (go1.26.1)
  content-length: 495
  accept-encoding: gzip
  connect-protocol-version: 1
  connect-timeout-ms: 4999
  content-type: application/proto

REQ BODY (495 bytes):

�
windsurf-next1.48.2�devin-session-token$eyJhbGciOiJIUzI1NiIsInR5cCI6IkpXVCJ9.eyJzZXNzaW9uX2lkIjoid2luZHN1cmYtc2Vzc2lvbi1kNzk3YTBlMjhmMmM0ZDEwYjUwNzExODQyZDhjNjFiNiJ9.KwRzyD6mjtVcGhcXl4552yAasQHh_hF0dtXTlJdAQhc"en*linux:2.0.1061HR$cd6af051-683f-4d74-ae91-a784b9371001bwindsurf-next�:/usr/share/windsurf-next/resources/app/extensions/windsurf��ae4eb2dcd298f91d5c7ac8f5d91d4c1941f0067a9f0fcc42190d45350c88a0b7c39c3c62f0f48b8c65a2bfb3c76080a778d6aa91c335a3b24773ae213a2da9ba�Unset
────────────────────────────────────────────────────────────────────────────────
RESP HEADERS:

RESP BODY (30 bytes):
All connection attempts failed

================================================================================
[0310] 17:52:22.968  POST https://server.self-serve.windsurf.com/exa.seat_management_pb.SeatManagementService/GetUserStatus  → 502  (46694ms)
────────────────────────────────────────────────────────────────────────────────
REQ HEADERS:
  host: server.self-serve.windsurf.com
  user-agent: connect-go/1.18.1 (go1.26.1)
  content-length: 495
  accept-encoding: gzip
  connect-protocol-version: 1
  connect-timeout-ms: 4999
  content-type: application/proto

REQ BODY (495 bytes):

�
windsurf-next1.48.2�devin-session-token$eyJhbGciOiJIUzI1NiIsInR5cCI6IkpXVCJ9.eyJzZXNzaW9uX2lkIjoid2luZHN1cmYtc2Vzc2lvbi1kNzk3YTBlMjhmMmM0ZDEwYjUwNzExODQyZDhjNjFiNiJ9.KwRzyD6mjtVcGhcXl4552yAasQHh_hF0dtXTlJdAQhc"en*linux:2.0.1061HR$cd6af051-683f-4d74-ae91-a784b9371001bwindsurf-next�:/usr/share/windsurf-next/resources/app/extensions/windsurf��ae4eb2dcd298f91d5c7ac8f5d91d4c1941f0067a9f0fcc42190d45350c88a0b7c39c3c62f0f48b8c65a2bfb3c76080a778d6aa91c335a3b24773ae213a2da9ba�Unset
────────────────────────────────────────────────────────────────────────────────
RESP HEADERS:

RESP BODY (30 bytes):
All connection attempts failed

================================================================================
[0311] 17:52:22.968  POST https://server.self-serve.windsurf.com/exa.seat_management_pb.SeatManagementService/GetUserStatus  → 502  (43711ms)
────────────────────────────────────────────────────────────────────────────────
REQ HEADERS:
  host: server.self-serve.windsurf.com
  user-agent: connect-go/1.18.1 (go1.26.1)
  content-length: 495
  accept-encoding: gzip
  connect-protocol-version: 1
  connect-timeout-ms: 4999
  content-type: application/proto

REQ BODY (495 bytes):

�
windsurf-next1.48.2�devin-session-token$eyJhbGciOiJIUzI1NiIsInR5cCI6IkpXVCJ9.eyJzZXNzaW9uX2lkIjoid2luZHN1cmYtc2Vzc2lvbi1kNzk3YTBlMjhmMmM0ZDEwYjUwNzExODQyZDhjNjFiNiJ9.KwRzyD6mjtVcGhcXl4552yAasQHh_hF0dtXTlJdAQhc"en*linux:2.0.1061HR$cd6af051-683f-4d74-ae91-a784b9371001bwindsurf-next�:/usr/share/windsurf-next/resources/app/extensions/windsurf��ae4eb2dcd298f91d5c7ac8f5d91d4c1941f0067a9f0fcc42190d45350c88a0b7c39c3c62f0f48b8c65a2bfb3c76080a778d6aa91c335a3b24773ae213a2da9ba�Unset
────────────────────────────────────────────────────────────────────────────────
RESP HEADERS:

RESP BODY (30 bytes):
All connection attempts failed

================================================================================
[0312] 17:52:22.969  GET https://unleash.codeium.com/api/client/features  → 502  (59329ms)
────────────────────────────────────────────────────────────────────────────────
REQ HEADERS:
  host: unleash.codeium.com
  connection: keep-alive
  accept: */*
  user-agent: codeium-language-server
  authorization: *:production.ead56b5...
  unleash-appname: codeium-language-server
  unleash-client-spec: 4.3.1
  unleash-instanceid: john-server-node
  accept-encoding: gzip
────────────────────────────────────────────────────────────────────────────────
RESP HEADERS:
  date: Mon, 20 Apr 2026 16:51:23 GMT
  server: uvicorn
  content-length: 30

RESP BODY (30 bytes):
All connection attempts failed

================================================================================
[0313] 17:52:22.969  POST https://unleash.codeium.com/api/client/register  → 502  (59320ms)
────────────────────────────────────────────────────────────────────────────────
REQ HEADERS:
  host: unleash.codeium.com
  connection: keep-alive
  accept: */*
  user-agent: codeium-language-server
  authorization: *:production.ead56b5...
  content-type: application/json
  unleash-appname: codeium-language-server
  unleash-instanceid: john-server-node
  accept-encoding: gzip
  content-length: 432

REQ BODY (432 bytes):
{"appName":"codeium-language-server","instanceId":"john-server-node","sdkVersion":"unleash-client-go:4.1.4","strategies":["default","applicationHostname","gradualRolloutRandom","gradualRolloutSessionId","gradualRolloutUserId","remoteAddress","userWithId","flexibleRollout"],"started":"2026-04-20T17:50:33.688096714+01:00","interval":60,"platformVersion":"go1.26.1","platformName":"go","yggdrasilVersion":null,"specVersion":"4.3.1"}

────────────────────────────────────────────────────────────────────────────────
RESP HEADERS:
  date: Mon, 20 Apr 2026 16:51:23 GMT
  server: uvicorn
  content-length: 30

RESP BODY (30 bytes):
All connection attempts failed

================================================================================
[0314] 17:52:22.969  POST https://server.self-serve.windsurf.com/exa.seat_management_pb.SeatManagementService/GetUserStatus  → 502  (59319ms)
────────────────────────────────────────────────────────────────────────────────
REQ HEADERS:
  host: server.self-serve.windsurf.com
  connection: keep-alive
  accept: */*
  user-agent: connect-go/1.18.1 (go1.26.1)
  accept-encoding: gzip
  connect-protocol-version: 1
  connect-timeout-ms: 4999
  content-type: application/proto
  content-length: 495

REQ BODY (495 bytes):

�
windsurf-next1.48.2�devin-session-token$eyJhbGciOiJIUzI1NiIsInR5cCI6IkpXVCJ9.eyJzZXNzaW9uX2lkIjoid2luZHN1cmYtc2Vzc2lvbi1kNzk3YTBlMjhmMmM0ZDEwYjUwNzExODQyZDhjNjFiNiJ9.KwRzyD6mjtVcGhcXl4552yAasQHh_hF0dtXTlJdAQhc"en*linux:2.0.1061HR$cd6af051-683f-4d74-ae91-a784b9371001bwindsurf-next�:/usr/share/windsurf-next/resources/app/extensions/windsurf��ae4eb2dcd298f91d5c7ac8f5d91d4c1941f0067a9f0fcc42190d45350c88a0b7c39c3c62f0f48b8c65a2bfb3c76080a778d6aa91c335a3b24773ae213a2da9ba�Unset
────────────────────────────────────────────────────────────────────────────────
RESP HEADERS:
  date: Mon, 20 Apr 2026 16:51:23 GMT
  server: uvicorn
  content-length: 30

RESP BODY (30 bytes):
All connection attempts failed

================================================================================
[0315] 17:52:22.970  POST https://server.self-serve.windsurf.com/exa.api_server_pb.ApiServerService/GetDefaultWorkflowTemplates  → 502  (59318ms)
────────────────────────────────────────────────────────────────────────────────
REQ HEADERS:
  host: server.self-serve.windsurf.com
  connection: keep-alive
  accept: */*
  user-agent: connect-go/1.18.1 (go1.26.1)
  accept-encoding: gzip
  connect-protocol-version: 1
  connect-timeout-ms: 29999
  content-encoding: gzip
  content-type: application/proto
  content-length: 1620

REQ BODY (19 bytes):
<binary 1620 bytes>
────────────────────────────────────────────────────────────────────────────────
RESP HEADERS:
  date: Mon, 20 Apr 2026 16:51:23 GMT
  server: uvicorn
  content-length: 30

RESP BODY (30 bytes):
All connection attempts failed

================================================================================
[0316] 17:52:22.975  POST https://server.self-serve.windsurf.com/exa.api_server_pb.ApiServerService/Ping  → 502  (59312ms)
────────────────────────────────────────────────────────────────────────────────
REQ HEADERS:
  host: server.self-serve.windsurf.com
  content-length: 0
  connection: keep-alive
  accept: */*
  user-agent: connect-go/1.18.1 (go1.26.1)
  accept-encoding: gzip
  connect-protocol-version: 1
  content-type: application/proto
────────────────────────────────────────────────────────────────────────────────
RESP HEADERS:
  date: Mon, 20 Apr 2026 16:51:23 GMT
  server: uvicorn
  content-length: 30

RESP BODY (30 bytes):
All connection attempts failed

================================================================================
[0317] 17:52:22.975  POST https://server.self-serve.windsurf.com/exa.product_analytics_pb.ProductAnalyticsService/RecordAnalyticsEvent  → 502  (59308ms)
────────────────────────────────────────────────────────────────────────────────
REQ HEADERS:
  host: server.self-serve.windsurf.com
  connection: keep-alive
  accept: */*
  user-agent: connect-go/1.18.1 (go1.26.1)
  accept-encoding: gzip
  connect-protocol-version: 1
  content-type: application/proto
  content-length: 385

REQ BODY (385 bytes):

LS_BINARY_STARTUP�devin-session-token$eyJhbGciOiJIUzI1NiIsInR5cCI6IkpXVCJ9.eyJzZXNzaW9uX2lkIjoid2luZHN1cmYtc2Vzc2lvbi1kNzk3YTBlMjhmMmM0ZDEwYjUwNzExODQyZDhjNjFiNiJ9.KwRzyD6mjtVcGhcXl4552yAasQHh_hF0dtXTlJdAQhc"windsurf-next*linux21.48.2:2.0.1061@�b�ae4eb2dcd298f91d5c7ac8f5d91d4c1941f0067a9f0fcc42190d45350c88a0b7c39c3c62f0f48b8c65a2bfb3c76080a778d6aa91c335a3b24773ae213a2da9ba
────────────────────────────────────────────────────────────────────────────────
RESP HEADERS:
  date: Mon, 20 Apr 2026 16:51:23 GMT
  server: uvicorn
  content-length: 30

RESP BODY (30 bytes):
All connection attempts failed

================================================================================
[0318] 17:52:22.976  POST https://server.self-serve.windsurf.com/exa.api_server_pb.ApiServerService/GetModelStatuses  → 502  (59719ms)
────────────────────────────────────────────────────────────────────────────────
REQ HEADERS:
  host: server.self-serve.windsurf.com
  accept: */*
  connection: keep-alive
  user-agent: connect-go/1.18.1 (go1.26.1)
  accept-encoding: gzip
  connect-protocol-version: 1
  content-encoding: gzip
  content-type: application/proto
  content-length: 1385

REQ BODY (19 bytes):
<binary 1385 bytes>
────────────────────────────────────────────────────────────────────────────────
RESP HEADERS:
  date: Mon, 20 Apr 2026 16:51:22 GMT, Mon, 20 Apr 2026 16:51:23 GMT
  server: uvicorn, uvicorn
  content-length: 30

RESP BODY (30 bytes):
All connection attempts failed

================================================================================
[0319] 17:52:22.977  POST https://server.self-serve.windsurf.com/exa.seat_management_pb.SeatManagementService/GetUserStatus  → 502  (59706ms)
────────────────────────────────────────────────────────────────────────────────
REQ HEADERS:
  host: server.self-serve.windsurf.com
  accept: */*
  connection: keep-alive
  user-agent: connect-go/1.18.1 (go1.26.1)
  accept-encoding: gzip
  connect-protocol-version: 1
  connect-timeout-ms: 4999
  content-type: application/proto
  content-length: 495

REQ BODY (495 bytes):

�
windsurf-next1.48.2�devin-session-token$eyJhbGciOiJIUzI1NiIsInR5cCI6IkpXVCJ9.eyJzZXNzaW9uX2lkIjoid2luZHN1cmYtc2Vzc2lvbi1kNzk3YTBlMjhmMmM0ZDEwYjUwNzExODQyZDhjNjFiNiJ9.KwRzyD6mjtVcGhcXl4552yAasQHh_hF0dtXTlJdAQhc"en*linux:2.0.1061HR$cd6af051-683f-4d74-ae91-a784b9371001bwindsurf-next�:/usr/share/windsurf-next/resources/app/extensions/windsurf��ae4eb2dcd298f91d5c7ac8f5d91d4c1941f0067a9f0fcc42190d45350c88a0b7c39c3c62f0f48b8c65a2bfb3c76080a778d6aa91c335a3b24773ae213a2da9ba�Unset
────────────────────────────────────────────────────────────────────────────────
RESP HEADERS:
  date: Mon, 20 Apr 2026 16:51:22 GMT, Mon, 20 Apr 2026 16:51:23 GMT
  server: uvicorn, uvicorn
  content-length: 30

RESP BODY (30 bytes):
All connection attempts failed

================================================================================
[0320] 17:52:22.977  POST https://server.self-serve.windsurf.com/exa.seat_management_pb.SeatManagementService/GetUserStatus  → 502  (59696ms)
────────────────────────────────────────────────────────────────────────────────
REQ HEADERS:
  host: server.self-serve.windsurf.com
  accept: */*
  connection: keep-alive
  user-agent: connect-go/1.18.1 (go1.26.1)
  accept-encoding: gzip
  connect-protocol-version: 1
  connect-timeout-ms: 4999
  content-type: application/proto
  content-length: 253

REQ BODY (253 bytes):

�
windsurf-next1.48.2�devin-session-token$eyJhbGciOiJIUzI1NiIsInR5cCI6IkpXVCJ9.eyJzZXNzaW9uX2lkIjoid2luZHN1cmYtc2Vzc2lvbi1kNzk3YTBlMjhmMmM0ZDEwYjUwNzExODQyZDhjNjFiNiJ9.KwRzyD6mjtVcGhcXl4552yAasQHh_hF0dtXTlJdAQhc"en:2.0.1061bwindsurf-next� 
────────────────────────────────────────────────────────────────────────────────
RESP HEADERS:
  date: Mon, 20 Apr 2026 16:51:22 GMT, Mon, 20 Apr 2026 16:51:23 GMT
  server: uvicorn, uvicorn
  content-length: 30

RESP BODY (30 bytes):
All connection attempts failed

================================================================================
[0321] 17:52:22.978  POST https://server.self-serve.windsurf.com/exa.seat_management_pb.SeatManagementService/GetUserStatus  → 502  (59690ms)
────────────────────────────────────────────────────────────────────────────────
REQ HEADERS:
  host: server.self-serve.windsurf.com
  accept: */*
  connection: keep-alive
  user-agent: connect-go/1.18.1 (go1.26.1)
  accept-encoding: gzip
  connect-protocol-version: 1
  connect-timeout-ms: 4999
  content-type: application/proto
  content-length: 495

REQ BODY (495 bytes):

�
windsurf-next1.48.2�devin-session-token$eyJhbGciOiJIUzI1NiIsInR5cCI6IkpXVCJ9.eyJzZXNzaW9uX2lkIjoid2luZHN1cmYtc2Vzc2lvbi1kNzk3YTBlMjhmMmM0ZDEwYjUwNzExODQyZDhjNjFiNiJ9.KwRzyD6mjtVcGhcXl4552yAasQHh_hF0dtXTlJdAQhc"en*linux:2.0.1061HR$cd6af051-683f-4d74-ae91-a784b9371001bwindsurf-next�:/usr/share/windsurf-next/resources/app/extensions/windsurf��ae4eb2dcd298f91d5c7ac8f5d91d4c1941f0067a9f0fcc42190d45350c88a0b7c39c3c62f0f48b8c65a2bfb3c76080a778d6aa91c335a3b24773ae213a2da9ba�Unset
────────────────────────────────────────────────────────────────────────────────
RESP HEADERS:
  date: Mon, 20 Apr 2026 16:51:22 GMT, Mon, 20 Apr 2026 16:51:23 GMT
  server: uvicorn, uvicorn
  content-length: 30

RESP BODY (30 bytes):
All connection attempts failed

================================================================================
[0322] 17:52:22.978  POST https://server.self-serve.windsurf.com/exa.seat_management_pb.SeatManagementService/GetUserStatus  → 502  (59678ms)
────────────────────────────────────────────────────────────────────────────────
REQ HEADERS:
  host: server.self-serve.windsurf.com
  accept: */*
  connection: keep-alive
  user-agent: connect-go/1.18.1 (go1.26.1)
  accept-encoding: gzip
  connect-protocol-version: 1
  connect-timeout-ms: 4999
  content-type: application/proto
  content-length: 495

REQ BODY (495 bytes):

�
windsurf-next1.48.2�devin-session-token$eyJhbGciOiJIUzI1NiIsInR5cCI6IkpXVCJ9.eyJzZXNzaW9uX2lkIjoid2luZHN1cmYtc2Vzc2lvbi1kNzk3YTBlMjhmMmM0ZDEwYjUwNzExODQyZDhjNjFiNiJ9.KwRzyD6mjtVcGhcXl4552yAasQHh_hF0dtXTlJdAQhc"en*linux:2.0.1061HR$cd6af051-683f-4d74-ae91-a784b9371001bwindsurf-next�:/usr/share/windsurf-next/resources/app/extensions/windsurf��ae4eb2dcd298f91d5c7ac8f5d91d4c1941f0067a9f0fcc42190d45350c88a0b7c39c3c62f0f48b8c65a2bfb3c76080a778d6aa91c335a3b24773ae213a2da9ba�Unset
────────────────────────────────────────────────────────────────────────────────
RESP HEADERS:
  date: Mon, 20 Apr 2026 16:51:22 GMT, Mon, 20 Apr 2026 16:51:23 GMT
  server: uvicorn, uvicorn
  content-length: 30

RESP BODY (30 bytes):
All connection attempts failed

================================================================================
[0323] 17:52:22.979  POST https://server.self-serve.windsurf.com/exa.seat_management_pb.SeatManagementService/GetUserStatus  → 502  (59667ms)
────────────────────────────────────────────────────────────────────────────────
REQ HEADERS:
  host: server.self-serve.windsurf.com
  accept: */*
  connection: keep-alive
  user-agent: connect-go/1.18.1 (go1.26.1)
  accept-encoding: gzip
  connect-protocol-version: 1
  connect-timeout-ms: 4999
  content-type: application/proto
  content-length: 495

REQ BODY (495 bytes):

�
windsurf-next1.48.2�devin-session-token$eyJhbGciOiJIUzI1NiIsInR5cCI6IkpXVCJ9.eyJzZXNzaW9uX2lkIjoid2luZHN1cmYtc2Vzc2lvbi1kNzk3YTBlMjhmMmM0ZDEwYjUwNzExODQyZDhjNjFiNiJ9.KwRzyD6mjtVcGhcXl4552yAasQHh_hF0dtXTlJdAQhc"en*linux:2.0.1061HR$cd6af051-683f-4d74-ae91-a784b9371001bwindsurf-next�:/usr/share/windsurf-next/resources/app/extensions/windsurf��ae4eb2dcd298f91d5c7ac8f5d91d4c1941f0067a9f0fcc42190d45350c88a0b7c39c3c62f0f48b8c65a2bfb3c76080a778d6aa91c335a3b24773ae213a2da9ba�Unset
────────────────────────────────────────────────────────────────────────────────
RESP HEADERS:
  date: Mon, 20 Apr 2026 16:51:22 GMT, Mon, 20 Apr 2026 16:51:23 GMT
  server: uvicorn, uvicorn
  content-length: 30

RESP BODY (30 bytes):
All connection attempts failed

================================================================================
[0324] 17:52:22.979  POST https://server.self-serve.windsurf.com/exa.seat_management_pb.SeatManagementService/GetUserStatus  → 502  (93481ms)
────────────────────────────────────────────────────────────────────────────────
REQ HEADERS:
  host: server.self-serve.windsurf.com
  user-agent: connect-go/1.18.1 (go1.26.1)
  content-length: 253
  accept-encoding: gzip
  connect-protocol-version: 1
  connect-timeout-ms: 4999
  content-type: application/proto

REQ BODY (253 bytes):

�
windsurf-next1.48.2�devin-session-token$eyJhbGciOiJIUzI1NiIsInR5cCI6IkpXVCJ9.eyJzZXNzaW9uX2lkIjoid2luZHN1cmYtc2Vzc2lvbi1kNzk3YTBlMjhmMmM0ZDEwYjUwNzExODQyZDhjNjFiNiJ9.KwRzyD6mjtVcGhcXl4552yAasQHh_hF0dtXTlJdAQhc"en:2.0.1061bwindsurf-next� 
────────────────────────────────────────────────────────────────────────────────
RESP HEADERS:
  date: Mon, 20 Apr 2026 16:51:22 GMT, Mon, 20 Apr 2026 16:51:22 GMT, Mon, 20 Apr 2026 16:51:23 GMT
  server: uvicorn, uvicorn, uvicorn
  content-length: 30

RESP BODY (30 bytes):
All connection attempts failed

================================================================================
[0325] 17:52:22.981  POST https://server.self-serve.windsurf.com/exa.seat_management_pb.SeatManagementService/GetUserStatus  → 502  (59661ms)
────────────────────────────────────────────────────────────────────────────────
REQ HEADERS:
  host: server.self-serve.windsurf.com
  accept: */*
  connection: keep-alive
  user-agent: connect-go/1.18.1 (go1.26.1)
  accept-encoding: gzip
  connect-protocol-version: 1
  connect-timeout-ms: 4999
  content-type: application/proto
  content-length: 495

REQ BODY (495 bytes):

�
windsurf-next1.48.2�devin-session-token$eyJhbGciOiJIUzI1NiIsInR5cCI6IkpXVCJ9.eyJzZXNzaW9uX2lkIjoid2luZHN1cmYtc2Vzc2lvbi1kNzk3YTBlMjhmMmM0ZDEwYjUwNzExODQyZDhjNjFiNiJ9.KwRzyD6mjtVcGhcXl4552yAasQHh_hF0dtXTlJdAQhc"en*linux:2.0.1061HR$cd6af051-683f-4d74-ae91-a784b9371001bwindsurf-next�:/usr/share/windsurf-next/resources/app/extensions/windsurf��ae4eb2dcd298f91d5c7ac8f5d91d4c1941f0067a9f0fcc42190d45350c88a0b7c39c3c62f0f48b8c65a2bfb3c76080a778d6aa91c335a3b24773ae213a2da9ba�Unset
────────────────────────────────────────────────────────────────────────────────
RESP HEADERS:
  date: Mon, 20 Apr 2026 16:51:22 GMT, Mon, 20 Apr 2026 16:51:23 GMT
  server: uvicorn, uvicorn
  content-length: 30

RESP BODY (30 bytes):
All connection attempts failed

================================================================================
[0326] 17:52:22.982  POST https://server.self-serve.windsurf.com/exa.seat_management_pb.SeatManagementService/GetUserStatus  → 502  (59645ms)
────────────────────────────────────────────────────────────────────────────────
REQ HEADERS:
  host: server.self-serve.windsurf.com
  accept: */*
  connection: keep-alive
  user-agent: connect-go/1.18.1 (go1.26.1)
  accept-encoding: gzip
  connect-protocol-version: 1
  connect-timeout-ms: 4999
  content-type: application/proto
  content-length: 495

REQ BODY (495 bytes):

�
windsurf-next1.48.2�devin-session-token$eyJhbGciOiJIUzI1NiIsInR5cCI6IkpXVCJ9.eyJzZXNzaW9uX2lkIjoid2luZHN1cmYtc2Vzc2lvbi1kNzk3YTBlMjhmMmM0ZDEwYjUwNzExODQyZDhjNjFiNiJ9.KwRzyD6mjtVcGhcXl4552yAasQHh_hF0dtXTlJdAQhc"en*linux:2.0.1061HR$cd6af051-683f-4d74-ae91-a784b9371001bwindsurf-next�:/usr/share/windsurf-next/resources/app/extensions/windsurf��ae4eb2dcd298f91d5c7ac8f5d91d4c1941f0067a9f0fcc42190d45350c88a0b7c39c3c62f0f48b8c65a2bfb3c76080a778d6aa91c335a3b24773ae213a2da9ba�Unset
────────────────────────────────────────────────────────────────────────────────
RESP HEADERS:
  date: Mon, 20 Apr 2026 16:51:22 GMT, Mon, 20 Apr 2026 16:51:23 GMT
  server: uvicorn, uvicorn
  content-length: 30

RESP BODY (30 bytes):
All connection attempts failed

================================================================================
[0327] 17:52:22.982  GET https://unleash.codeium.com/api/client/features  → 502  (59641ms)
────────────────────────────────────────────────────────────────────────────────
REQ HEADERS:
  host: unleash.codeium.com
  connection: keep-alive
  accept: */*
  user-agent: codeium-language-server
  authorization: *:production.ead56b5...
  unleash-appname: codeium-language-server
  unleash-client-spec: 4.3.1
  unleash-instanceid: john-server-node
  accept-encoding: gzip
────────────────────────────────────────────────────────────────────────────────
RESP HEADERS:
  date: Mon, 20 Apr 2026 16:51:22 GMT, Mon, 20 Apr 2026 16:51:23 GMT
  server: uvicorn, uvicorn
  content-length: 30

RESP BODY (30 bytes):
All connection attempts failed

================================================================================
[0328] 17:52:22.982  POST https://server.self-serve.windsurf.com/exa.seat_management_pb.SeatManagementService/GetUserStatus  → 502  (91729ms)
────────────────────────────────────────────────────────────────────────────────
REQ HEADERS:
  host: server.self-serve.windsurf.com
  user-agent: connect-go/1.18.1 (go1.26.1)
  content-length: 495
  accept-encoding: gzip
  connect-protocol-version: 1
  connect-timeout-ms: 4999
  content-type: application/proto

REQ BODY (495 bytes):

�
windsurf-next1.48.2�devin-session-token$eyJhbGciOiJIUzI1NiIsInR5cCI6IkpXVCJ9.eyJzZXNzaW9uX2lkIjoid2luZHN1cmYtc2Vzc2lvbi1kNzk3YTBlMjhmMmM0ZDEwYjUwNzExODQyZDhjNjFiNiJ9.KwRzyD6mjtVcGhcXl4552yAasQHh_hF0dtXTlJdAQhc"en*linux:2.0.1061HR$cd6af051-683f-4d74-ae91-a784b9371001bwindsurf-next�:/usr/share/windsurf-next/resources/app/extensions/windsurf��ae4eb2dcd298f91d5c7ac8f5d91d4c1941f0067a9f0fcc42190d45350c88a0b7c39c3c62f0f48b8c65a2bfb3c76080a778d6aa91c335a3b24773ae213a2da9ba�Unset
────────────────────────────────────────────────────────────────────────────────
RESP HEADERS:
  date: Mon, 20 Apr 2026 16:51:22 GMT, Mon, 20 Apr 2026 16:51:22 GMT, Mon, 20 Apr 2026 16:51:23 GMT
  server: uvicorn, uvicorn, uvicorn
  content-length: 30

RESP BODY (30 bytes):
All connection attempts failed

================================================================================
[0329] 17:52:22.983  POST https://server.self-serve.windsurf.com/exa.auth_pb.AuthService/GetUserJwt  → 502  (91069ms)
────────────────────────────────────────────────────────────────────────────────
REQ HEADERS:
  host: server.self-serve.windsurf.com
  user-agent: connect-go/1.18.1 (go1.26.1)
  content-length: 253
  accept-encoding: gzip
  connect-protocol-version: 1
  connect-timeout-ms: 9999
  content-type: application/proto

REQ BODY (253 bytes):

�
windsurf-next1.48.2�devin-session-token$eyJhbGciOiJIUzI1NiIsInR5cCI6IkpXVCJ9.eyJzZXNzaW9uX2lkIjoid2luZHN1cmYtc2Vzc2lvbi1kNzk3YTBlMjhmMmM0ZDEwYjUwNzExODQyZDhjNjFiNiJ9.KwRzyD6mjtVcGhcXl4552yAasQHh_hF0dtXTlJdAQhc"en:2.0.1061bwindsurf-next� 
────────────────────────────────────────────────────────────────────────────────
RESP HEADERS:
  date: Mon, 20 Apr 2026 16:51:22 GMT, Mon, 20 Apr 2026 16:51:22 GMT, Mon, 20 Apr 2026 16:51:23 GMT
  server: uvicorn, uvicorn, uvicorn
  content-length: 30

RESP BODY (30 bytes):
All connection attempts failed

================================================================================
[0330] 17:52:22.983  POST https://server.self-serve.windsurf.com/exa.seat_management_pb.SeatManagementService/GetUserStatus  → 502  (88735ms)
────────────────────────────────────────────────────────────────────────────────
REQ HEADERS:
  host: server.self-serve.windsurf.com
  user-agent: connect-go/1.18.1 (go1.26.1)
  content-length: 495
  accept-encoding: gzip
  connect-protocol-version: 1
  connect-timeout-ms: 4999
  content-type: application/proto

REQ BODY (495 bytes):

�
windsurf-next1.48.2�devin-session-token$eyJhbGciOiJIUzI1NiIsInR5cCI6IkpXVCJ9.eyJzZXNzaW9uX2lkIjoid2luZHN1cmYtc2Vzc2lvbi1kNzk3YTBlMjhmMmM0ZDEwYjUwNzExODQyZDhjNjFiNiJ9.KwRzyD6mjtVcGhcXl4552yAasQHh_hF0dtXTlJdAQhc"en*linux:2.0.1061HR$cd6af051-683f-4d74-ae91-a784b9371001bwindsurf-next�:/usr/share/windsurf-next/resources/app/extensions/windsurf��ae4eb2dcd298f91d5c7ac8f5d91d4c1941f0067a9f0fcc42190d45350c88a0b7c39c3c62f0f48b8c65a2bfb3c76080a778d6aa91c335a3b24773ae213a2da9ba�Unset
────────────────────────────────────────────────────────────────────────────────
RESP HEADERS:
  date: Mon, 20 Apr 2026 16:51:22 GMT, Mon, 20 Apr 2026 16:51:22 GMT, Mon, 20 Apr 2026 16:51:23 GMT
  server: uvicorn, uvicorn, uvicorn
  content-length: 30

RESP BODY (30 bytes):
All connection attempts failed

================================================================================
[0331] 17:52:22.983  POST https://server.self-serve.windsurf.com/exa.seat_management_pb.SeatManagementService/GetUserStatus  → 502  (86412ms)
────────────────────────────────────────────────────────────────────────────────
REQ HEADERS:
  host: server.self-serve.windsurf.com
  user-agent: connect-go/1.18.1 (go1.26.1)
  content-length: 253
  accept-encoding: gzip
  connect-protocol-version: 1
  connect-timeout-ms: 4999
  content-type: application/proto

REQ BODY (253 bytes):

�
windsurf-next1.48.2�devin-session-token$eyJhbGciOiJIUzI1NiIsInR5cCI6IkpXVCJ9.eyJzZXNzaW9uX2lkIjoid2luZHN1cmYtc2Vzc2lvbi1kNzk3YTBlMjhmMmM0ZDEwYjUwNzExODQyZDhjNjFiNiJ9.KwRzyD6mjtVcGhcXl4552yAasQHh_hF0dtXTlJdAQhc"en:2.0.1061bwindsurf-next� 
────────────────────────────────────────────────────────────────────────────────
RESP HEADERS:
  date: Mon, 20 Apr 2026 16:51:22 GMT, Mon, 20 Apr 2026 16:51:22 GMT, Mon, 20 Apr 2026 16:51:23 GMT
  server: uvicorn, uvicorn, uvicorn
  content-length: 30

RESP BODY (30 bytes):
All connection attempts failed

================================================================================
[0332] 17:52:22.983  POST https://server.self-serve.windsurf.com/exa.seat_management_pb.SeatManagementService/GetUserStatus  → 502  (83736ms)
────────────────────────────────────────────────────────────────────────────────
REQ HEADERS:
  host: server.self-serve.windsurf.com
  user-agent: connect-go/1.18.1 (go1.26.1)
  content-length: 495
  accept-encoding: gzip
  connect-protocol-version: 1
  connect-timeout-ms: 4999
  content-type: application/proto

REQ BODY (495 bytes):

�
windsurf-next1.48.2�devin-session-token$eyJhbGciOiJIUzI1NiIsInR5cCI6IkpXVCJ9.eyJzZXNzaW9uX2lkIjoid2luZHN1cmYtc2Vzc2lvbi1kNzk3YTBlMjhmMmM0ZDEwYjUwNzExODQyZDhjNjFiNiJ9.KwRzyD6mjtVcGhcXl4552yAasQHh_hF0dtXTlJdAQhc"en*linux:2.0.1061HR$cd6af051-683f-4d74-ae91-a784b9371001bwindsurf-next�:/usr/share/windsurf-next/resources/app/extensions/windsurf��ae4eb2dcd298f91d5c7ac8f5d91d4c1941f0067a9f0fcc42190d45350c88a0b7c39c3c62f0f48b8c65a2bfb3c76080a778d6aa91c335a3b24773ae213a2da9ba�Unset
────────────────────────────────────────────────────────────────────────────────
RESP HEADERS:
  date: Mon, 20 Apr 2026 16:51:22 GMT, Mon, 20 Apr 2026 16:51:22 GMT, Mon, 20 Apr 2026 16:51:23 GMT
  server: uvicorn, uvicorn, uvicorn
  content-length: 30

RESP BODY (30 bytes):
All connection attempts failed

================================================================================
[0333] 17:52:22.986  POST https://unleash.codeium.com/api/client/register  → 502  (59618ms)
────────────────────────────────────────────────────────────────────────────────
REQ HEADERS:
  host: unleash.codeium.com
  connection: keep-alive
  accept: */*
  user-agent: codeium-language-server
  authorization: *:production.ead56b5...
  content-type: application/json
  unleash-appname: codeium-language-server
  unleash-instanceid: john-server-node
  accept-encoding: gzip
  content-length: 432

REQ BODY (432 bytes):
{"appName":"codeium-language-server","instanceId":"john-server-node","sdkVersion":"unleash-client-go:4.1.4","strategies":["default","applicationHostname","gradualRolloutRandom","gradualRolloutSessionId","gradualRolloutUserId","remoteAddress","userWithId","flexibleRollout"],"started":"2026-04-20T17:50:33.688096714+01:00","interval":60,"platformVersion":"go1.26.1","platformName":"go","yggdrasilVersion":null,"specVersion":"4.3.1"}

────────────────────────────────────────────────────────────────────────────────
RESP HEADERS:
  date: Mon, 20 Apr 2026 16:51:23 GMT, Mon, 20 Apr 2026 16:51:23 GMT
  server: uvicorn, uvicorn
  content-length: 30

RESP BODY (30 bytes):
All connection attempts failed

================================================================================
[0334] 17:52:22.986  POST https://server.self-serve.windsurf.com/exa.seat_management_pb.SeatManagementService/GetUserStatus  → 502  (59601ms)
────────────────────────────────────────────────────────────────────────────────
REQ HEADERS:
  host: server.self-serve.windsurf.com
  connection: keep-alive
  accept: */*
  user-agent: connect-go/1.18.1 (go1.26.1)
  accept-encoding: gzip
  connect-protocol-version: 1
  connect-timeout-ms: 4999
  content-type: application/proto
  content-length: 495

REQ BODY (495 bytes):

�
windsurf-next1.48.2�devin-session-token$eyJhbGciOiJIUzI1NiIsInR5cCI6IkpXVCJ9.eyJzZXNzaW9uX2lkIjoid2luZHN1cmYtc2Vzc2lvbi1kNzk3YTBlMjhmMmM0ZDEwYjUwNzExODQyZDhjNjFiNiJ9.KwRzyD6mjtVcGhcXl4552yAasQHh_hF0dtXTlJdAQhc"en*linux:2.0.1061HR$cd6af051-683f-4d74-ae91-a784b9371001bwindsurf-next�:/usr/share/windsurf-next/resources/app/extensions/windsurf��ae4eb2dcd298f91d5c7ac8f5d91d4c1941f0067a9f0fcc42190d45350c88a0b7c39c3c62f0f48b8c65a2bfb3c76080a778d6aa91c335a3b24773ae213a2da9ba�Unset
────────────────────────────────────────────────────────────────────────────────
RESP HEADERS:
  date: Mon, 20 Apr 2026 16:51:23 GMT, Mon, 20 Apr 2026 16:51:23 GMT
  server: uvicorn, uvicorn
  content-length: 30

RESP BODY (30 bytes):
All connection attempts failed

================================================================================
[0335] 17:52:22.987  POST https://server.self-serve.windsurf.com/exa.api_server_pb.ApiServerService/GetDefaultWorkflowTemplates  → 502  (59591ms)
────────────────────────────────────────────────────────────────────────────────
REQ HEADERS:
  host: server.self-serve.windsurf.com
  connection: keep-alive
  accept: */*
  user-agent: connect-go/1.18.1 (go1.26.1)
  accept-encoding: gzip
  connect-protocol-version: 1
  connect-timeout-ms: 29999
  content-encoding: gzip
  content-type: application/proto
  content-length: 1620

REQ BODY (19 bytes):
<binary 1620 bytes>
────────────────────────────────────────────────────────────────────────────────
RESP HEADERS:
  date: Mon, 20 Apr 2026 16:51:23 GMT, Mon, 20 Apr 2026 16:51:23 GMT
  server: uvicorn, uvicorn
  content-length: 30

RESP BODY (30 bytes):
All connection attempts failed

================================================================================
[0336] 17:52:22.991  GET https://unleash.codeium.com/api/client/features  → 502  (59639ms)
────────────────────────────────────────────────────────────────────────────────
REQ HEADERS:
  host: unleash.codeium.com
  connection: keep-alive
  accept: */*
  user-agent: codeium-language-server
  authorization: *:production.ead56b5...
  unleash-appname: codeium-language-server
  unleash-client-spec: 4.3.1
  unleash-instanceid: john-server-node
  accept-encoding: gzip
────────────────────────────────────────────────────────────────────────────────
RESP HEADERS:
  date: Mon, 20 Apr 2026 16:51:23 GMT, Mon, 20 Apr 2026 16:51:23 GMT
  server: uvicorn, uvicorn
  content-length: 30

RESP BODY (30 bytes):
All connection attempts failed

================================================================================
[0337] 17:52:22.992  POST https://server.self-serve.windsurf.com/exa.api_server_pb.ApiServerService/Ping  → 502  (59583ms)
────────────────────────────────────────────────────────────────────────────────
REQ HEADERS:
  host: server.self-serve.windsurf.com
  content-length: 0
  connection: keep-alive
  accept: */*
  user-agent: connect-go/1.18.1 (go1.26.1)
  accept-encoding: gzip
  connect-protocol-version: 1
  content-type: application/proto
────────────────────────────────────────────────────────────────────────────────
RESP HEADERS:
  date: Mon, 20 Apr 2026 16:51:23 GMT, Mon, 20 Apr 2026 16:51:23 GMT
  server: uvicorn, uvicorn
  content-length: 30

RESP BODY (30 bytes):
All connection attempts failed

================================================================================
[0338] 17:52:22.993  POST https://server.self-serve.windsurf.com/exa.product_analytics_pb.ProductAnalyticsService/RecordAnalyticsEvent  → 502  (59578ms)
────────────────────────────────────────────────────────────────────────────────
REQ HEADERS:
  host: server.self-serve.windsurf.com
  connection: keep-alive
  accept: */*
  user-agent: connect-go/1.18.1 (go1.26.1)
  accept-encoding: gzip
  connect-protocol-version: 1
  content-type: application/proto
  content-length: 385

REQ BODY (385 bytes):

LS_BINARY_STARTUP�devin-session-token$eyJhbGciOiJIUzI1NiIsInR5cCI6IkpXVCJ9.eyJzZXNzaW9uX2lkIjoid2luZHN1cmYtc2Vzc2lvbi1kNzk3YTBlMjhmMmM0ZDEwYjUwNzExODQyZDhjNjFiNiJ9.KwRzyD6mjtVcGhcXl4552yAasQHh_hF0dtXTlJdAQhc"windsurf-next*linux21.48.2:2.0.1061@�b�ae4eb2dcd298f91d5c7ac8f5d91d4c1941f0067a9f0fcc42190d45350c88a0b7c39c3c62f0f48b8c65a2bfb3c76080a778d6aa91c335a3b24773ae213a2da9ba
────────────────────────────────────────────────────────────────────────────────
RESP HEADERS:
  date: Mon, 20 Apr 2026 16:51:23 GMT, Mon, 20 Apr 2026 16:51:23 GMT
  server: uvicorn, uvicorn
  content-length: 30

RESP BODY (30 bytes):
All connection attempts failed

================================================================================
[0339] 17:52:22.993  POST https://server.self-serve.windsurf.com/exa.api_server_pb.ApiServerService/GetModelStatuses  → 502  (81086ms)
────────────────────────────────────────────────────────────────────────────────
REQ HEADERS:
  host: server.self-serve.windsurf.com
  user-agent: connect-go/1.18.1 (go1.26.1)
  content-length: 1003
  accept-encoding: gzip
  connect-protocol-version: 1
  content-encoding: gzip
  content-type: application/proto

REQ BODY (1385 bytes):

�

windsurf-next1.48.2�devin-session-token$eyJhbGciOiJIUzI1NiIsInR5cCI6IkpXVCJ9.eyJzZXNzaW9uX2lkIjoid2luZHN1cmYtc2Vzc2lvbi1kNzk3YTBlMjhmMmM0ZDEwYjUwNzExODQyZDhjNjFiNiJ9.KwRzyD6mjtVcGhcXl4552yAasQHh_hF0dtXTlJdAQhc"en*�{"Os":"linux","Arch":"amd64","Release":"6.19.11+deb14-amd64","Version":"#1 SMP PREEMPT_DYNAMIC Debian 6.19.11-1 (2026-04-05)","Machine":"x86_64","Nodename":"server-node","Sysname":"Linux"}:2.0.1061B�{"NumSockets":1,"NumCores":4,"NumThreads":4,"VendorID":"GenuineIntel","Family":"6","Model":"60","ModelName":"Intel(R) Core(TM) i5-4670K CPU @ 3.40GHz","Memory":16250138624}bwindsurf-next� ��feb3c69a6f4ce004284b88a7ddf56c5a4748c2a3c59b557d03dcaeadda7ab864a8c8d7c652c211a6e8d8e0d5bf2cf30d0327eda4688b1f871e197eacbe40e88de3d8e82a04e70772a7fa5c39d1dc17131f8c2a59fbcc0a581b4f0193e6dd4436f8e0dc4668093bd31ae5200dd43b0eb7e5aca39de2576f85c9e7d716fc76c70efbfc1aaab2fa821e4245e4584f3177d859b666e9816836035e85beebeb786ed1442a93643311c973066b4363a1c9693b04079a4d434e01e70d11e75bef9cc0c2b146089a93e6be6e5616de38ac8341661d25874f27531bd576222fc04ce529a9229cae83a61e9e8c4ef7089bf3aa3dc92f40b2ad3c4fb3793ef3e2fb2c1a79cedb9301985837ac1a717745a84ef70ebc0e776e4aeefc2a4af2cef5705e5b83acfd15b2a023dd5aafa2154ebb593f68e746a251e0501892059fe97206701537289f6f52f037caf91df1cbb8547a2103c81a3a4843e63c127ae54d00777b35211c3eaf75125be3d6c3b67aee7f76a43fb455025ab977c53cf8b4775ae5d7
────────────────────────────────────────────────────────────────────────────────
RESP HEADERS:
  date: Mon, 20 Apr 2026 16:51:22 GMT, Mon, 20 Apr 2026 16:51:22 GMT, Mon, 20 Apr 2026 16:51:23 GMT
  server: uvicorn, uvicorn, uvicorn
  content-length: 30

RESP BODY (30 bytes):
All connection attempts failed

================================================================================
[0340] 17:52:22.994  POST https://server.self-serve.windsurf.com/exa.seat_management_pb.SeatManagementService/GetUserStatus  → 502  (78745ms)
────────────────────────────────────────────────────────────────────────────────
REQ HEADERS:
  host: server.self-serve.windsurf.com
  user-agent: connect-go/1.18.1 (go1.26.1)
  content-length: 495
  accept-encoding: gzip
  connect-protocol-version: 1
  connect-timeout-ms: 4999
  content-type: application/proto

REQ BODY (495 bytes):

�
windsurf-next1.48.2�devin-session-token$eyJhbGciOiJIUzI1NiIsInR5cCI6IkpXVCJ9.eyJzZXNzaW9uX2lkIjoid2luZHN1cmYtc2Vzc2lvbi1kNzk3YTBlMjhmMmM0ZDEwYjUwNzExODQyZDhjNjFiNiJ9.KwRzyD6mjtVcGhcXl4552yAasQHh_hF0dtXTlJdAQhc"en*linux:2.0.1061HR$cd6af051-683f-4d74-ae91-a784b9371001bwindsurf-next�:/usr/share/windsurf-next/resources/app/extensions/windsurf��ae4eb2dcd298f91d5c7ac8f5d91d4c1941f0067a9f0fcc42190d45350c88a0b7c39c3c62f0f48b8c65a2bfb3c76080a778d6aa91c335a3b24773ae213a2da9ba�Unset
────────────────────────────────────────────────────────────────────────────────
RESP HEADERS:
  date: Mon, 20 Apr 2026 16:51:22 GMT, Mon, 20 Apr 2026 16:51:22 GMT, Mon, 20 Apr 2026 16:51:23 GMT
  server: uvicorn, uvicorn, uvicorn
  content-length: 30

RESP BODY (30 bytes):
All connection attempts failed

================================================================================
[0341] 17:52:22.995  POST https://server.self-serve.windsurf.com/exa.seat_management_pb.SeatManagementService/GetUserStatus  → 502  (77413ms)
────────────────────────────────────────────────────────────────────────────────
REQ HEADERS:
  host: server.self-serve.windsurf.com
  user-agent: connect-go/1.18.1 (go1.26.1)
  content-length: 253
  accept-encoding: gzip
  connect-protocol-version: 1
  connect-timeout-ms: 4999
  content-type: application/proto

REQ BODY (253 bytes):

�
windsurf-next1.48.2�devin-session-token$eyJhbGciOiJIUzI1NiIsInR5cCI6IkpXVCJ9.eyJzZXNzaW9uX2lkIjoid2luZHN1cmYtc2Vzc2lvbi1kNzk3YTBlMjhmMmM0ZDEwYjUwNzExODQyZDhjNjFiNiJ9.KwRzyD6mjtVcGhcXl4552yAasQHh_hF0dtXTlJdAQhc"en:2.0.1061bwindsurf-next� 
────────────────────────────────────────────────────────────────────────────────
RESP HEADERS:
  date: Mon, 20 Apr 2026 16:51:22 GMT, Mon, 20 Apr 2026 16:51:22 GMT, Mon, 20 Apr 2026 16:51:23 GMT
  server: uvicorn, uvicorn, uvicorn
  content-length: 30

RESP BODY (30 bytes):
All connection attempts failed

================================================================================
[0342] 17:52:22.995  POST https://server.self-serve.windsurf.com/exa.seat_management_pb.SeatManagementService/GetUserStatus  → 502  (76734ms)
────────────────────────────────────────────────────────────────────────────────
REQ HEADERS:
  host: server.self-serve.windsurf.com
  user-agent: connect-go/1.18.1 (go1.26.1)
  content-length: 495
  accept-encoding: gzip
  connect-protocol-version: 1
  connect-timeout-ms: 4999
  content-type: application/proto

REQ BODY (495 bytes):

�
windsurf-next1.48.2�devin-session-token$eyJhbGciOiJIUzI1NiIsInR5cCI6IkpXVCJ9.eyJzZXNzaW9uX2lkIjoid2luZHN1cmYtc2Vzc2lvbi1kNzk3YTBlMjhmMmM0ZDEwYjUwNzExODQyZDhjNjFiNiJ9.KwRzyD6mjtVcGhcXl4552yAasQHh_hF0dtXTlJdAQhc"en*linux:2.0.1061HR$cd6af051-683f-4d74-ae91-a784b9371001bwindsurf-next�:/usr/share/windsurf-next/resources/app/extensions/windsurf��ae4eb2dcd298f91d5c7ac8f5d91d4c1941f0067a9f0fcc42190d45350c88a0b7c39c3c62f0f48b8c65a2bfb3c76080a778d6aa91c335a3b24773ae213a2da9ba�Unset
────────────────────────────────────────────────────────────────────────────────
RESP HEADERS:
  date: Mon, 20 Apr 2026 16:51:22 GMT, Mon, 20 Apr 2026 16:51:22 GMT, Mon, 20 Apr 2026 16:51:23 GMT
  server: uvicorn, uvicorn, uvicorn
  content-length: 30

RESP BODY (30 bytes):
All connection attempts failed

================================================================================
[0343] 17:52:22.996  POST https://server.self-serve.windsurf.com/exa.seat_management_pb.SeatManagementService/GetUserStatus  → 502  (73745ms)
────────────────────────────────────────────────────────────────────────────────
REQ HEADERS:
  host: server.self-serve.windsurf.com
  user-agent: connect-go/1.18.1 (go1.26.1)
  content-length: 495
  accept-encoding: gzip
  connect-protocol-version: 1
  connect-timeout-ms: 4999
  content-type: application/proto

REQ BODY (495 bytes):

�
windsurf-next1.48.2�devin-session-token$eyJhbGciOiJIUzI1NiIsInR5cCI6IkpXVCJ9.eyJzZXNzaW9uX2lkIjoid2luZHN1cmYtc2Vzc2lvbi1kNzk3YTBlMjhmMmM0ZDEwYjUwNzExODQyZDhjNjFiNiJ9.KwRzyD6mjtVcGhcXl4552yAasQHh_hF0dtXTlJdAQhc"en*linux:2.0.1061HR$cd6af051-683f-4d74-ae91-a784b9371001bwindsurf-next�:/usr/share/windsurf-next/resources/app/extensions/windsurf��ae4eb2dcd298f91d5c7ac8f5d91d4c1941f0067a9f0fcc42190d45350c88a0b7c39c3c62f0f48b8c65a2bfb3c76080a778d6aa91c335a3b24773ae213a2da9ba�Unset
────────────────────────────────────────────────────────────────────────────────
RESP HEADERS:
  date: Mon, 20 Apr 2026 16:51:22 GMT, Mon, 20 Apr 2026 16:51:22 GMT, Mon, 20 Apr 2026 16:51:23 GMT
  server: uvicorn, uvicorn, uvicorn
  content-length: 30

RESP BODY (30 bytes):
All connection attempts failed

================================================================================
[0344] 17:52:22.997  POST https://server.self-serve.windsurf.com/exa.seat_management_pb.SeatManagementService/GetUserStatus  → 502  (68746ms)
────────────────────────────────────────────────────────────────────────────────
REQ HEADERS:
  host: server.self-serve.windsurf.com
  user-agent: connect-go/1.18.1 (go1.26.1)
  content-length: 495
  accept-encoding: gzip
  connect-protocol-version: 1
  connect-timeout-ms: 4999
  content-type: application/proto

REQ BODY (495 bytes):

�
windsurf-next1.48.2�devin-session-token$eyJhbGciOiJIUzI1NiIsInR5cCI6IkpXVCJ9.eyJzZXNzaW9uX2lkIjoid2luZHN1cmYtc2Vzc2lvbi1kNzk3YTBlMjhmMmM0ZDEwYjUwNzExODQyZDhjNjFiNiJ9.KwRzyD6mjtVcGhcXl4552yAasQHh_hF0dtXTlJdAQhc"en*linux:2.0.1061HR$cd6af051-683f-4d74-ae91-a784b9371001bwindsurf-next�:/usr/share/windsurf-next/resources/app/extensions/windsurf��ae4eb2dcd298f91d5c7ac8f5d91d4c1941f0067a9f0fcc42190d45350c88a0b7c39c3c62f0f48b8c65a2bfb3c76080a778d6aa91c335a3b24773ae213a2da9ba�Unset
────────────────────────────────────────────────────────────────────────────────
RESP HEADERS:
  date: Mon, 20 Apr 2026 16:51:22 GMT, Mon, 20 Apr 2026 16:51:22 GMT, Mon, 20 Apr 2026 16:51:23 GMT
  server: uvicorn, uvicorn, uvicorn
  content-length: 30

RESP BODY (30 bytes):
All connection attempts failed

================================================================================
[0345] 17:52:22.999  POST https://server.self-serve.windsurf.com/exa.seat_management_pb.SeatManagementService/GetUserStatus  → 502  (63745ms)
────────────────────────────────────────────────────────────────────────────────
REQ HEADERS:
  host: server.self-serve.windsurf.com
  user-agent: connect-go/1.18.1 (go1.26.1)
  content-length: 495
  accept-encoding: gzip
  connect-protocol-version: 1
  connect-timeout-ms: 4999
  content-type: application/proto

REQ BODY (495 bytes):

�
windsurf-next1.48.2�devin-session-token$eyJhbGciOiJIUzI1NiIsInR5cCI6IkpXVCJ9.eyJzZXNzaW9uX2lkIjoid2luZHN1cmYtc2Vzc2lvbi1kNzk3YTBlMjhmMmM0ZDEwYjUwNzExODQyZDhjNjFiNiJ9.KwRzyD6mjtVcGhcXl4552yAasQHh_hF0dtXTlJdAQhc"en*linux:2.0.1061HR$cd6af051-683f-4d74-ae91-a784b9371001bwindsurf-next�:/usr/share/windsurf-next/resources/app/extensions/windsurf��ae4eb2dcd298f91d5c7ac8f5d91d4c1941f0067a9f0fcc42190d45350c88a0b7c39c3c62f0f48b8c65a2bfb3c76080a778d6aa91c335a3b24773ae213a2da9ba�Unset
────────────────────────────────────────────────────────────────────────────────
RESP HEADERS:
  date: Mon, 20 Apr 2026 16:51:22 GMT, Mon, 20 Apr 2026 16:51:22 GMT, Mon, 20 Apr 2026 16:51:23 GMT
  server: uvicorn, uvicorn, uvicorn
  content-length: 30

RESP BODY (30 bytes):
All connection attempts failed

================================================================================
[0346] 17:52:23.000  POST https://server.self-serve.windsurf.com/exa.seat_management_pb.SeatManagementService/GetUserStatus  → 502  (61734ms)
────────────────────────────────────────────────────────────────────────────────
REQ HEADERS:
  host: server.self-serve.windsurf.com
  user-agent: connect-go/1.18.1 (go1.26.1)
  content-length: 495
  accept-encoding: gzip
  connect-protocol-version: 1
  connect-timeout-ms: 4999
  content-type: application/proto

REQ BODY (495 bytes):

�
windsurf-next1.48.2�devin-session-token$eyJhbGciOiJIUzI1NiIsInR5cCI6IkpXVCJ9.eyJzZXNzaW9uX2lkIjoid2luZHN1cmYtc2Vzc2lvbi1kNzk3YTBlMjhmMmM0ZDEwYjUwNzExODQyZDhjNjFiNiJ9.KwRzyD6mjtVcGhcXl4552yAasQHh_hF0dtXTlJdAQhc"en*linux:2.0.1061HR$cd6af051-683f-4d74-ae91-a784b9371001bwindsurf-next�:/usr/share/windsurf-next/resources/app/extensions/windsurf��ae4eb2dcd298f91d5c7ac8f5d91d4c1941f0067a9f0fcc42190d45350c88a0b7c39c3c62f0f48b8c65a2bfb3c76080a778d6aa91c335a3b24773ae213a2da9ba�Unset
────────────────────────────────────────────────────────────────────────────────
RESP HEADERS:
  date: Mon, 20 Apr 2026 16:51:22 GMT, Mon, 20 Apr 2026 16:51:22 GMT, Mon, 20 Apr 2026 16:51:23 GMT
  server: uvicorn, uvicorn, uvicorn
  content-length: 30

RESP BODY (30 bytes):
All connection attempts failed

================================================================================
[0347] 17:52:23.001  GET https://unleash.codeium.com/api/client/features  → 502  (60224ms)
────────────────────────────────────────────────────────────────────────────────
REQ HEADERS:
  host: unleash.codeium.com
  connection: keep-alive
  accept: */*
  user-agent: codeium-language-server
  authorization: *:production.ead56b5...
  unleash-appname: codeium-language-server
  unleash-client-spec: 4.3.1
  unleash-instanceid: john-server-node
  accept-encoding: gzip
────────────────────────────────────────────────────────────────────────────────
RESP HEADERS:
  date: Mon, 20 Apr 2026 16:51:22 GMT, Mon, 20 Apr 2026 16:51:22 GMT, Mon, 20 Apr 2026 16:51:23 GMT
  server: uvicorn, uvicorn, uvicorn
  content-length: 30

RESP BODY (30 bytes):
All connection attempts failed

================================================================================
[0348] 17:52:23.003  POST https://unleash.codeium.com/api/client/register  → 502  (60205ms)
────────────────────────────────────────────────────────────────────────────────
REQ HEADERS:
  host: unleash.codeium.com
  accept: */*
  connection: keep-alive
  user-agent: codeium-language-server
  authorization: *:production.ead56b5...
  content-type: application/json
  unleash-appname: codeium-language-server
  unleash-instanceid: john-server-node
  accept-encoding: gzip
  content-length: 432

REQ BODY (432 bytes):
{"appName":"codeium-language-server","instanceId":"john-server-node","sdkVersion":"unleash-client-go:4.1.4","strategies":["default","applicationHostname","gradualRolloutRandom","gradualRolloutSessionId","gradualRolloutUserId","remoteAddress","userWithId","flexibleRollout"],"started":"2026-04-20T17:50:33.688096714+01:00","interval":60,"platformVersion":"go1.26.1","platformName":"go","yggdrasilVersion":null,"specVersion":"4.3.1"}

────────────────────────────────────────────────────────────────────────────────
RESP HEADERS:
  date: Mon, 20 Apr 2026 16:51:22 GMT, Mon, 20 Apr 2026 16:51:23 GMT, Mon, 20 Apr 2026 16:51:23 GMT
  server: uvicorn, uvicorn, uvicorn
  content-length: 30

RESP BODY (30 bytes):
All connection attempts failed

================================================================================
[0349] 17:52:23.003  POST https://server.self-serve.windsurf.com/exa.seat_management_pb.SeatManagementService/GetUserStatus  → 502  (60193ms)
────────────────────────────────────────────────────────────────────────────────
REQ HEADERS:
  host: server.self-serve.windsurf.com
  accept: */*
  connection: keep-alive
  user-agent: connect-go/1.18.1 (go1.26.1)
  accept-encoding: gzip
  connect-protocol-version: 1
  connect-timeout-ms: 4999
  content-type: application/proto
  content-length: 495

REQ BODY (495 bytes):

�
windsurf-next1.48.2�devin-session-token$eyJhbGciOiJIUzI1NiIsInR5cCI6IkpXVCJ9.eyJzZXNzaW9uX2lkIjoid2luZHN1cmYtc2Vzc2lvbi1kNzk3YTBlMjhmMmM0ZDEwYjUwNzExODQyZDhjNjFiNiJ9.KwRzyD6mjtVcGhcXl4552yAasQHh_hF0dtXTlJdAQhc"en*linux:2.0.1061HR$cd6af051-683f-4d74-ae91-a784b9371001bwindsurf-next�:/usr/share/windsurf-next/resources/app/extensions/windsurf��ae4eb2dcd298f91d5c7ac8f5d91d4c1941f0067a9f0fcc42190d45350c88a0b7c39c3c62f0f48b8c65a2bfb3c76080a778d6aa91c335a3b24773ae213a2da9ba�Unset
────────────────────────────────────────────────────────────────────────────────
RESP HEADERS:
  date: Mon, 20 Apr 2026 16:51:22 GMT, Mon, 20 Apr 2026 16:51:23 GMT, Mon, 20 Apr 2026 16:51:23 GMT
  server: uvicorn, uvicorn, uvicorn
  content-length: 30

RESP BODY (30 bytes):
All connection attempts failed

================================================================================
[0350] 17:52:23.004  POST https://server.self-serve.windsurf.com/exa.api_server_pb.ApiServerService/GetDefaultWorkflowTemplates  → 502  (60181ms)
────────────────────────────────────────────────────────────────────────────────
REQ HEADERS:
  host: server.self-serve.windsurf.com
  accept: */*
  connection: keep-alive
  user-agent: connect-go/1.18.1 (go1.26.1)
  accept-encoding: gzip
  connect-protocol-version: 1
  connect-timeout-ms: 29999
  content-encoding: gzip
  content-type: application/proto
  content-length: 1620

REQ BODY (19 bytes):
<binary 1620 bytes>
────────────────────────────────────────────────────────────────────────────────
RESP HEADERS:
  date: Mon, 20 Apr 2026 16:51:22 GMT, Mon, 20 Apr 2026 16:51:23 GMT, Mon, 20 Apr 2026 16:51:23 GMT
  server: uvicorn, uvicorn, uvicorn
  content-length: 30

RESP BODY (30 bytes):
All connection attempts failed

================================================================================
[0351] 17:52:23.005  GET https://unleash.codeium.com/api/client/features  → 502  (60217ms)
────────────────────────────────────────────────────────────────────────────────
REQ HEADERS:
  host: unleash.codeium.com
  accept: */*
  connection: keep-alive
  user-agent: codeium-language-server
  authorization: *:production.ead56b5...
  unleash-appname: codeium-language-server
  unleash-client-spec: 4.3.1
  unleash-instanceid: john-server-node
  accept-encoding: gzip
────────────────────────────────────────────────────────────────────────────────
RESP HEADERS:
  date: Mon, 20 Apr 2026 16:51:22 GMT, Mon, 20 Apr 2026 16:51:23 GMT, Mon, 20 Apr 2026 16:51:23 GMT
  server: uvicorn, uvicorn, uvicorn
  content-length: 30

RESP BODY (30 bytes):
All connection attempts failed

================================================================================
[0352] 17:52:23.006  POST https://server.self-serve.windsurf.com/exa.api_server_pb.ApiServerService/Ping  → 502  (60169ms)
────────────────────────────────────────────────────────────────────────────────
REQ HEADERS:
  host: server.self-serve.windsurf.com
  content-length: 0
  accept: */*
  connection: keep-alive
  user-agent: connect-go/1.18.1 (go1.26.1)
  accept-encoding: gzip
  connect-protocol-version: 1
  content-type: application/proto
────────────────────────────────────────────────────────────────────────────────
RESP HEADERS:
  date: Mon, 20 Apr 2026 16:51:22 GMT, Mon, 20 Apr 2026 16:51:23 GMT, Mon, 20 Apr 2026 16:51:23 GMT
  server: uvicorn, uvicorn, uvicorn
  content-length: 30

RESP BODY (30 bytes):
All connection attempts failed

================================================================================
[0353] 17:52:23.007  POST https://server.self-serve.windsurf.com/exa.product_analytics_pb.ProductAnalyticsService/RecordAnalyticsEvent  → 502  (60165ms)
────────────────────────────────────────────────────────────────────────────────
REQ HEADERS:
  host: server.self-serve.windsurf.com
  accept: */*
  connection: keep-alive
  user-agent: connect-go/1.18.1 (go1.26.1)
  accept-encoding: gzip
  connect-protocol-version: 1
  content-type: application/proto
  content-length: 385

REQ BODY (385 bytes):

LS_BINARY_STARTUP�devin-session-token$eyJhbGciOiJIUzI1NiIsInR5cCI6IkpXVCJ9.eyJzZXNzaW9uX2lkIjoid2luZHN1cmYtc2Vzc2lvbi1kNzk3YTBlMjhmMmM0ZDEwYjUwNzExODQyZDhjNjFiNiJ9.KwRzyD6mjtVcGhcXl4552yAasQHh_hF0dtXTlJdAQhc"windsurf-next*linux21.48.2:2.0.1061@�b�ae4eb2dcd298f91d5c7ac8f5d91d4c1941f0067a9f0fcc42190d45350c88a0b7c39c3c62f0f48b8c65a2bfb3c76080a778d6aa91c335a3b24773ae213a2da9ba
────────────────────────────────────────────────────────────────────────────────
RESP HEADERS:
  date: Mon, 20 Apr 2026 16:51:22 GMT, Mon, 20 Apr 2026 16:51:23 GMT, Mon, 20 Apr 2026 16:51:23 GMT
  server: uvicorn, uvicorn, uvicorn
  content-length: 30

RESP BODY (30 bytes):
All connection attempts failed
